CREATE DATABASE  IF NOT EXISTS `mydb` /*!40100 DEFAULT CHARACTER SET latin1 */;
USE `mydb`;
-- MySQL dump 10.13  Distrib 5.6.13, for Win32 (x86)
--
-- Host: 127.0.0.1    Database: mydb
-- ------------------------------------------------------
-- Server version	5.6.15

/*!40101 SET @OLD_CHARACTER_SET_CLIENT=@@CHARACTER_SET_CLIENT */;
/*!40101 SET @OLD_CHARACTER_SET_RESULTS=@@CHARACTER_SET_RESULTS */;
/*!40101 SET @OLD_COLLATION_CONNECTION=@@COLLATION_CONNECTION */;
/*!40101 SET NAMES utf8 */;
/*!40103 SET @OLD_TIME_ZONE=@@TIME_ZONE */;
/*!40103 SET TIME_ZONE='+00:00' */;
/*!40014 SET @OLD_UNIQUE_CHECKS=@@UNIQUE_CHECKS, UNIQUE_CHECKS=0 */;
/*!40014 SET @OLD_FOREIGN_KEY_CHECKS=@@FOREIGN_KEY_CHECKS, FOREIGN_KEY_CHECKS=0 */;
/*!40101 SET @OLD_SQL_MODE=@@SQL_MODE, SQL_MODE='NO_AUTO_VALUE_ON_ZERO' */;
/*!40111 SET @OLD_SQL_NOTES=@@SQL_NOTES, SQL_NOTES=0 */;

--
-- Table structure for table `insegnamento`
--

DROP TABLE IF EXISTS `insegnamento`;
/*!40101 SET @saved_cs_client     = @@character_set_client */;
/*!40101 SET character_set_client = utf8 */;
CREATE TABLE `insegnamento` (
  `sifu_id` int(11) NOT NULL,
  `sg_id` int(11) NOT NULL,
  PRIMARY KEY (`sifu_id`,`sg_id`)
) ENGINE=InnoDB DEFAULT CHARSET=latin1;
/*!40101 SET character_set_client = @saved_cs_client */;

--
-- Dumping data for table `insegnamento`
--

LOCK TABLES `insegnamento` WRITE;
/*!40000 ALTER TABLE `insegnamento` DISABLE KEYS */;
INSERT INTO `insegnamento` VALUES (1,9999);
/*!40000 ALTER TABLE `insegnamento` ENABLE KEYS */;
UNLOCK TABLES;

--
-- Table structure for table `istruttore`
--

DROP TABLE IF EXISTS `istruttore`;
/*!40101 SET @saved_cs_client     = @@character_set_client */;
/*!40101 SET character_set_client = utf8 */;
CREATE TABLE `istruttore` (
  `ist_id` int(11) NOT NULL AUTO_INCREMENT,
  `ist_nome` varchar(45) DEFAULT NULL,
  `ist_cognome` varchar(45) DEFAULT NULL,
  `ist_grado` varchar(45) NOT NULL,
  `scuola_sc_id` int(11) DEFAULT NULL,
  PRIMARY KEY (`ist_id`),
  UNIQUE KEY `UNIQUE` (`ist_nome`,`ist_cognome`),
  KEY `FK3BAC0C35C14ED72D` (`scuola_sc_id`)
) ENGINE=InnoDB AUTO_INCREMENT=47 DEFAULT CHARSET=latin1;
/*!40101 SET character_set_client = @saved_cs_client */;

--
-- Dumping data for table `istruttore`
--

LOCK TABLES `istruttore` WRITE;
/*!40000 ALTER TABLE `istruttore` DISABLE KEYS */;
INSERT INTO `istruttore` VALUES (3,'LUCIANO','CAVUOTO','12 GA',NULL),(5,'GIORGIO','ZITO','1 GS',NULL),(6,'VITALE','STANISCI','3 GS',NULL),(7,'DANNY','D\'ORAZIO','',NULL),(8,'FRANCESCO','FORMOSO','2 GS',NULL),(9,'QUIRINO ','TIRELLI','2 GS',NULL),(11,'EMANUELE','NUZZO','2 GS',NULL),(12,'ALFONSO','CARFORA','2 GS',NULL),(13,'ANTONIO','MASINO','2 GS',NULL),(14,'CESARE','MAJONE','2 GS',NULL),(15,'GIOVANNI','FUMANTE','3 GS',NULL),(16,'GIUSEPPE','NUNZIATA','3 GS',NULL),(18,'MARCO ','MORICCI','3 GS',NULL),(19,'DAVIDE','COSTA','3 GS',NULL),(20,'ANDREA','TESSARIN','3 GS',NULL),(21,'CHRISTIAN','MORICHETTI','',NULL),(22,'LUCA','DE TOMMASI','1 GS',NULL),(23,'SANDRO','DE VITIS','3 GS',NULL),(24,'MASSIMILIANO','LOSETO','2 GS',NULL),(25,'FILIPPO ','SAPIENZA','2 GS',NULL),(26,'VALERIO','SCATÀ','2 GS',NULL),(27,'BENITO','VETRO','10 GA',NULL),(28,'MICHELE','CHIOVETTA','10 GA',NULL),(29,'M','PAGLIAZZO','',NULL),(30,'G','PATRÌ','',NULL),(31,'VITALI','ARDORE','',NULL),(33,'GIULIO','MAFFEI','1 GS',NULL),(34,'FABRIZIO','MAZZURCO','1 GS',NULL),(36,'LORIS','MONTEVIDONI','3 GS',NULL),(37,'TIZIANO ','PARENTE','1 GS',NULL),(38,'RAFFAELE','BRAMANTE','10 GA',NULL),(39,'PIETRO','CADDEO','1 GS',NULL),(40,'FRANCESCO','PALADIN','1 GS',NULL),(41,'ALDO','AUTUORI','3 GS',NULL),(42,'GM','DAI SIFU','',NULL),(43,'FABIO','MICARELLI','2 GS',NULL),(45,'CARMELA','D\'AMICO','6 GA',NULL),(46,'ANTONIO ','ZONTA','4 GS',NULL);
/*!40000 ALTER TABLE `istruttore` ENABLE KEYS */;
UNLOCK TABLES;

--
-- Table structure for table `istruzione`
--

DROP TABLE IF EXISTS `istruzione`;
/*!40101 SET @saved_cs_client     = @@character_set_client */;
/*!40101 SET character_set_client = utf8 */;
CREATE TABLE `istruzione` (
  `sg_id` int(11) NOT NULL AUTO_INCREMENT,
  `ist_id` int(11) NOT NULL,
  PRIMARY KEY (`sg_id`,`ist_id`),
  KEY `fk_istr2sog` (`sg_id`),
  KEY `fk_istr2ist` (`ist_id`),
  KEY `FK3BFB98AA100501D0` (`sg_id`),
  CONSTRAINT `FK3BFB98AA100501D0` FOREIGN KEY (`sg_id`) REFERENCES `soggetto` (`sg_id`),
  CONSTRAINT `fk_istr2ist` FOREIGN KEY (`ist_id`) REFERENCES `istruttore` (`ist_id`) ON DELETE CASCADE ON UPDATE CASCADE
) ENGINE=InnoDB AUTO_INCREMENT=444 DEFAULT CHARSET=latin1;
/*!40101 SET character_set_client = @saved_cs_client */;

--
-- Dumping data for table `istruzione`
--

LOCK TABLES `istruzione` WRITE;
/*!40000 ALTER TABLE `istruzione` DISABLE KEYS */;
INSERT INTO `istruzione` VALUES (6,24),(8,6),(9,6),(10,6),(11,6),(12,23),(14,23),(15,23),(17,46),(20,28),(21,23),(22,23),(23,23),(24,23),(25,23),(26,23),(28,6),(30,6),(31,6),(32,6),(33,6),(34,6),(48,3),(49,3),(50,3),(51,3),(52,3),(53,3),(54,3),(55,3),(56,3),(57,22),(58,22),(59,22),(60,22),(61,22),(62,22),(63,22),(64,22),(65,22),(66,22),(67,18),(68,18),(69,16),(70,16),(71,16),(72,41),(73,15),(74,15),(75,15),(76,15),(77,15),(78,15),(90,11),(91,11),(92,11),(93,11),(94,12),(94,13),(95,12),(95,13),(96,12),(96,13),(97,12),(97,13),(98,12),(98,13),(99,12),(99,13),(100,12),(100,13),(101,9),(102,9),(111,6),(116,6),(119,18),(120,33),(120,34),(121,33),(121,34),(133,29),(133,30),(134,29),(134,30),(135,29),(135,30),(136,29),(136,30),(137,29),(137,30),(139,28),(140,28),(142,43),(143,27),(144,27),(145,27),(148,33),(148,34),(154,46),(163,29),(163,30),(164,29),(164,30),(165,29),(165,30),(166,29),(166,30),(167,22),(177,46),(181,22),(188,27),(192,31),(193,31),(194,31),(195,31),(196,31),(197,31),(198,31),(200,31),(201,31),(202,31),(206,19),(207,19),(208,19),(209,19),(210,19),(211,19),(212,19),(213,19),(214,19),(215,19),(216,19),(217,19),(218,19),(219,19),(220,7),(221,7),(222,7),(223,7),(224,6),(225,6),(226,6),(227,6),(228,6),(229,26),(230,26),(231,26),(232,26),(233,26),(234,26),(235,26),(236,23),(240,23),(241,23),(242,23),(243,23),(244,23),(250,23),(251,23),(252,23),(253,23),(254,23),(255,23),(256,23),(260,36),(261,46),(262,46),(263,46),(268,19),(269,19),(270,36),(271,36),(272,38),(273,38),(274,38),(275,38),(276,38),(277,37),(278,37),(279,37),(280,37),(281,37),(282,37),(283,37),(284,37),(285,37),(286,37),(287,37),(288,37),(289,37),(290,37),(291,6),(293,6),(294,6),(295,6),(296,6),(297,6),(298,6),(299,6),(300,6),(301,6),(302,6),(303,6),(304,6),(305,6),(308,6),(309,6),(310,6),(311,6),(312,6),(313,6),(314,6),(315,6),(316,6),(317,6),(318,6),(319,19),(320,20),(321,20),(322,20),(323,20),(324,20),(325,20),(326,20),(327,26),(328,26),(329,26),(330,26),(331,26),(332,26),(333,26),(334,26),(335,26),(336,19),(362,14),(363,14),(364,15),(365,15),(366,15),(367,41),(368,16),(372,19),(373,19),(374,19),(375,19),(377,19),(378,19),(379,19),(380,19),(381,19),(383,19),(389,19),(390,19),(391,19),(392,46),(393,26),(394,26),(395,26),(396,26),(397,26),(398,26),(399,26),(401,26),(402,26),(403,26),(404,26),(406,31),(407,31),(408,31),(409,31),(410,31),(411,31),(412,31),(441,6),(442,6),(443,6);
/*!40000 ALTER TABLE `istruzione` ENABLE KEYS */;
UNLOCK TABLES;

--
-- Table structure for table `rinnovo`
--

DROP TABLE IF EXISTS `rinnovo`;
/*!40101 SET @saved_cs_client     = @@character_set_client */;
/*!40101 SET character_set_client = utf8 */;
CREATE TABLE `rinnovo` (
  `idRinnovo` int(11) NOT NULL AUTO_INCREMENT,
  `sgCodeRinnovo` int(11) NOT NULL,
  `dataRinnovo` date NOT NULL,
  PRIMARY KEY (`idRinnovo`),
  KEY `fk_rinnovo_1` (`sgCodeRinnovo`),
  CONSTRAINT `fk_rinnovo_1` FOREIGN KEY (`sgCodeRinnovo`) REFERENCES `soggetto` (`sg_id`) ON DELETE NO ACTION ON UPDATE NO ACTION
) ENGINE=InnoDB AUTO_INCREMENT=68 DEFAULT CHARSET=latin1;
/*!40101 SET character_set_client = @saved_cs_client */;

--
-- Dumping data for table `rinnovo`
--

LOCK TABLES `rinnovo` WRITE;
/*!40000 ALTER TABLE `rinnovo` DISABLE KEYS */;
INSERT INTO `rinnovo` VALUES (5,129,'2011-04-10'),(6,130,'2011-04-10'),(7,131,'2011-04-10'),(8,132,'2011-04-10'),(9,128,'2011-04-10'),(10,127,'2011-04-10'),(11,141,'2011-01-30'),(12,240,'2010-12-17'),(13,264,'2011-03-16'),(14,265,'2011-01-03'),(15,266,'2011-01-03'),(16,267,'2011-01-04'),(17,270,'2011-01-15'),(18,271,'2011-01-17'),(19,272,'2011-05-22'),(20,273,'2011-05-22'),(21,274,'2011-02-01'),(22,275,'2011-05-22'),(23,290,'2022-02-28'),(24,286,'2011-05-22'),(25,322,'2011-06-05'),(26,325,'2011-06-05'),(27,326,'2011-06-05'),(28,350,'2009-11-10'),(29,350,'2010-11-10'),(30,351,'2009-02-10'),(31,351,'2010-02-10'),(32,354,'2011-03-10'),(33,109,'2011-01-02'),(34,355,'2011-09-02'),(35,110,'2011-01-10'),(36,104,'2011-03-10'),(37,103,'2010-09-02'),(38,356,'2010-09-02'),(39,367,'2011-01-10'),(40,68,'2011-06-10'),(41,79,'2011-09-04'),(42,85,'2011-03-04'),(43,94,'2011-01-04'),(44,95,'2011-01-04'),(45,360,'2011-09-04'),(46,60,'2011-04-04'),(47,361,'2011-05-04'),(48,369,'2011-02-04'),(49,81,'2011-03-04'),(50,89,'2011-10-04'),(51,88,'2011-03-04'),(52,87,'2011-09-04'),(53,417,'2011-03-05'),(54,418,'2011-03-05'),(55,419,'2011-03-05'),(56,420,'2011-03-05'),(57,421,'2011-04-05'),(58,422,'2011-03-05'),(59,423,'2011-04-05'),(60,424,'2011-04-05'),(61,425,'2011-04-05'),(62,426,'2011-05-05'),(63,427,'2011-05-05'),(64,428,'2010-10-05'),(65,429,'2011-05-05'),(66,430,'2010-12-05'),(67,350,'2011-02-05');
/*!40000 ALTER TABLE `rinnovo` ENABLE KEYS */;
UNLOCK TABLES;

--
-- Table structure for table `scuola`
--

DROP TABLE IF EXISTS `scuola`;
/*!40101 SET @saved_cs_client     = @@character_set_client */;
/*!40101 SET character_set_client = utf8 */;
CREATE TABLE `scuola` (
  `sc_id` int(11) NOT NULL AUTO_INCREMENT,
  `sc_nome` varchar(45) DEFAULT NULL,
  `sc_indirizzo` varchar(45) DEFAULT NULL,
  `sc_comune` varchar(45) DEFAULT NULL,
  `sc_regione` varchar(45) DEFAULT NULL,
  `sc_nazione` varchar(45) DEFAULT NULL,
  `sc_note` varchar(100) DEFAULT NULL,
  `sc_provincia` varchar(2) DEFAULT NULL,
  PRIMARY KEY (`sc_id`)
) ENGINE=InnoDB AUTO_INCREMENT=57 DEFAULT CHARSET=latin1;
/*!40101 SET character_set_client = @saved_cs_client */;

--
-- Dumping data for table `scuola`
--

LOCK TABLES `scuola` WRITE;
/*!40000 ALTER TABLE `scuola` DISABLE KEYS */;
INSERT INTO `scuola` VALUES (3,'AWTA SANTA MARIA','SANTA MARIA','SANTA MARIA','CAMPANIA','ITALIA','','CE'),(4,'WT LOSETO','','CASAMASSIMA','PUGLIA','','','BA'),(5,'AWTA MALTA','','MALTA','','MALTA','',''),(6,'AWTA GERMANIA','','ACHERN','','GERMANIA','',''),(7,'AWTA VASTO','','VASTO','ABRUZZO','ITALIA','','CH'),(8,'AWTA LANCIANO','','LANCIANO','ABRUZZO','ITALIA','','CH'),(9,'AWTA PESCARA','','PESCARA','ABRUZZO','ITALIA','','PC'),(10,'AWTA ATESSA','','ATESSA','ABRUZZO','ITALIA','','CH'),(11,'WTKK','','FAGNANO CASTELLO','CALABRIA','ITALIA','','CS'),(12,'WTKK','','S. MARCO ARGENTANO','CALABRIA','ITALIA','','CS'),(13,'SCUOLA DI WING TSUN','VIA XXI GIUGNO','CANCELLO SCALO','CAMPANIA','ITALIA','','CE'),(14,'AWTA BN','','BENEVENTO','CAMPANIA','ITALIA','','BN'),(15,'AWTA BN 2','RIONE LIBERTÀ','BENEVENTO','CAMPANIA','ITALIA','','BN'),(16,'AWTA MADDALONI','','MADDALONI','CAMPANIA','ITALIA','','CE'),(17,'AWTA S. MARIA A V.','','S. MARIA A VICO','CAMPANIA','ITALIA','','CE'),(18,'WING TSUN ETICS','VIA FERRARA','CASERTA','CAMPANIA ','ITALIA','','CE'),(19,'DRAGON','VIA STELLATO','S. PRISCO','CAMPANIA','ITALIA','','CE'),(20,'AWTA ERCOLANO','VIA COZZOLINO 132','ERCOLANO','CAMPANIA ','ITALIA','','NA'),(21,'AWTA S. GENNARO V.','','S. GENNARO VESUVIANO','CAMPANIA','ITALIA','','NA'),(22,'AWTA SALERNO','','SALERNO','CAMPANIA','ITALIA','','SA'),(23,'AWTA S. GRAGORIO M.','','S. GRAGORIO MAGNO','CAMPANIA','ITALIA','','SA'),(24,'AWTA PORDENONE','','PORDENONE','FRIULI V. GIULIA','ITALIA','','PN'),(25,'AWTA GRADO','','GRADO','FRIULI V. GIULIA','ITALIA','','GO'),(26,'AWTA ROMA','','ROMA','LAZIO','ITALIA','','RM'),(27,'AWTA MACERATA','','MACERATA','MARCHE','ITALIA','','MC'),(28,'WING TSUN ART','','ACQUAVIVA DELLE FONTI','PUGLIA','ITALIA','','BA'),(29,'WING TSUN ART','','CAPURSO','PUGLIA','ITALIA','','BA'),(30,'WING TSUN ART','','CASAMASSIMA','PUGLIA','ITALIA','','BA'),(31,'AWTA RACALE','','RACALE','PUGLIA','ITALIA','','LE'),(32,'AWTA SARDEGNA','','ALGHERO','SARDEGNA','ITALIA','','SS'),(33,'AWTA SIRACUSA','','SIRACUSA','SICILIA','ITALIA','','SR'),(34,'AWTA SIRACUSA','','AUGUSTA','SICILIA','ITALIA','','SR'),(35,'AWTA DAMANTE','','CATANIA','SICILIA','ITALIA','','CT'),(36,'AWTA DAMANTE','VIA B. CROCE','GELA','SICILIA','ITALIA','','CL'),(37,'AWTA DAMANTE','','MASCALUCIA','SICILIA','ITALIA','','CT'),(38,'AWTA RAGUSA','','RAGUSA','SICILIA','ITALIA','','RG'),(39,'AWTA DAMANTE','','AGRIGENTO','SICILIA','ITALIA','','AG'),(40,'AWTA DAMANTE','','MESSINA','SICILIA','ITALIA','','ME'),(41,'AWTA DAMANTE','','CAMPO FELICE DI R.','SICILIA','ITALIA','','PA'),(42,'AWTA DAMANTE','','MIRABELLA IMBACCARI ','SICILIA','ITALIA','','CT'),(43,'AWTA DAMANTE','','LICATA','SICILIA','ITALIA','','AG'),(44,'AWTA DAMANTE','','BIANCAVILLA','SICILIA','ITALIA','','CT'),(47,'AWTA PISA','','MONTOPOLI VALDARNO','TOSCANA','ITALIA','','PI'),(48,'AWTA PISTOIA','','MONTECATINI TERME','TOSCANA','ITALIA','','PT'),(49,'AWTA LUCCA','','ALTOPASCIO','TOSCANA','ITALIA','','LU'),(50,'AWTA UMBRIA','','TERNI','UMBRIA','ITALIA','','TN'),(51,'AWTA VENETO','','VITTORIO VENETO','VENETO','ITALIA','','TV'),(52,'AWTA VENETO','','CONEGLIANO','VENETO','ITALIA','','TV'),(53,'AWTA HQ','VIA SAN LORENZO','CATURANO - MACERATA CAMPANIA','CAMPANIA','ITALIA','','CE'),(54,'AWTA SPARANISE','','SPARANISE','CAMPANIA','ITALIA','','CE'),(55,'AWTA TRIESTE','','TRIESTE','FRIULI VENEZIA GIULIA','ITALIA','',''),(56,'AWTA ANCONA','','ANCONA','MARCHE','ITALIA','','');
/*!40000 ALTER TABLE `scuola` ENABLE KEYS */;
UNLOCK TABLES;

--
-- Table structure for table `sezione`
--

DROP TABLE IF EXISTS `sezione`;
/*!40101 SET @saved_cs_client     = @@character_set_client */;
/*!40101 SET character_set_client = utf8 */;
CREATE TABLE `sezione` (
  `sez_nome` varchar(45) NOT NULL,
  `sez_grado` varchar(45) DEFAULT NULL,
  PRIMARY KEY (`sez_nome`)
) ENGINE=InnoDB DEFAULT CHARSET=latin1;
/*!40101 SET character_set_client = @saved_cs_client */;

--
-- Dumping data for table `sezione`
--

LOCK TABLES `sezione` WRITE;
/*!40000 ALTER TABLE `sezione` DISABLE KEYS */;
INSERT INTO `sezione` VALUES ('1/6 LDBK Form','3 GS'),('1^ + 2^ Sez. CS MYC','4 GS'),('1^ + 2^ Sez. MYCF','2 GS'),('1^ Sezione BT CS','3 GS'),('2/6 LDBK Form','3 GS'),('2^ Sezione BT CS','3 GS'),('2^ Sezione CS','1 GS'),('3^ Sezione BT CS','3 GS'),('3^ Sezione CS','1 GS'),('3^ Sezione CS MYC','4 GS'),('3^ Sezione MYCF','3 GS'),('4^ Sezione BT CS','3 GS'),('4^ Sezione CS','1 GS'),('4^ Sezione CS MYC','4 GS'),('4^ Sezione MYCF','4 GS'),('5^ Sezione BT CS','3 GS'),('5^ Sezione CS','2 GS'),('5^ Sezione CS MYC','4 GS'),('5^ Sezione MYCF','4 GS'),('6^ Sezione CS','2 GS'),('6^ Sezione CS MYC','4 GS'),('6^ Sezione MYCF','4 GS'),('7^ Sezione CS','2 GS'),('7^ Sezione CS MYC','5 GS'),('7^ Sezione MYCF','4 GS'),('8^ Sez. CS MYCF','5 GS'),('8^ Sezione MYCF','5 GS'),('Applicazione BCD 1','7 GS'),('Applicazione BCD 2','7 GS'),('Applicazione BCD 3','7 GS'),('Applicazione BCD 4','7 GS'),('Applicazione BCD 5','7 GS'),('Applicazione BCD 6','7 GS'),('Applicazione BCD 7','7 GS'),('Applicazione BCD 8','7 GS'),('Applicazione CG + BW','5 GS'),('BCD Form 1','3 GS'),('BCD Form 2','4 GS'),('BCD Form 3','5 GS'),('BCD Form 4','5 GS'),('BCD Form 5','5 GS'),('BCD Form 6','5 GS'),('BCD Form 7','5 GS'),('BCD Form 8','5 GS'),('Biu Tze Form','1 GS'),('CG','5 GS'),('Chi Kwan 1','6 GS'),('Chi Kwan 2','6 GS'),('Chi Kwan 3','6 GS'),('Chi Kwan 4','6 GS'),('Chi Kwan 5','6 GS'),('Chi Kwan 6','6 GS'),('Foot Work 2 - SSC','5 GS'),('Lat Kwan 1','6 GS'),('Lat Kwan 2','6 GS'),('LDBK Form 3/6','4 GS'),('LDBK Form 4/6','4 GS'),('LDBK Form 5/6','5 GS'),('LDBK Form 6/6','5 GS'),('LDBK Sparring','6 GS'),('Mix - up appl. BCD','7 GS'),('Mix-up BT CS','3 GS'),('Mix-up CS 1-8 MYC','5 GS'),('Mix-up CS 1^ - 4 ^','1 GS'),('Mix-up CS 1^ - 7^','2 GS');
/*!40000 ALTER TABLE `sezione` ENABLE KEYS */;
UNLOCK TABLES;

--
-- Table structure for table `sifu`
--

DROP TABLE IF EXISTS `sifu`;
/*!40101 SET @saved_cs_client     = @@character_set_client */;
/*!40101 SET character_set_client = utf8 */;
CREATE TABLE `sifu` (
  `sifu_id` int(11) NOT NULL AUTO_INCREMENT,
  `sifu_nome` varchar(45) DEFAULT NULL,
  `sifu_cognome` varchar(45) DEFAULT NULL,
  PRIMARY KEY (`sifu_id`),
  UNIQUE KEY `UNIQUE` (`sifu_nome`,`sifu_cognome`)
) ENGINE=InnoDB AUTO_INCREMENT=12 DEFAULT CHARSET=latin1;
/*!40101 SET character_set_client = @saved_cs_client */;

--
-- Dumping data for table `sifu`
--

LOCK TABLES `sifu` WRITE;
/*!40000 ALTER TABLE `sifu` DISABLE KEYS */;
INSERT INTO `sifu` VALUES (3,'ALDO','CURCIO'),(8,'ANDREA','RUIU'),(7,'CARLO','BERNARDI'),(6,'GIUSEPPE','AUCIELLO'),(5,'GIUSEPPE ','QUATRARO'),(11,'GM','DAI SIFU'),(10,'JOE','DEBONO'),(4,'LUCA ','DAMANTE'),(1,'MICHELE','STELLATO'),(2,'ROSARIO','CRISCI');
/*!40000 ALTER TABLE `sifu` ENABLE KEYS */;
UNLOCK TABLES;

--
-- Table structure for table `soggetto`
--

DROP TABLE IF EXISTS `soggetto`;
/*!40101 SET @saved_cs_client     = @@character_set_client */;
/*!40101 SET character_set_client = utf8 */;
CREATE TABLE `soggetto` (
  `sg_id` int(11) NOT NULL AUTO_INCREMENT,
  `sc_id` int(11) NOT NULL,
  `sifu_id` int(11) DEFAULT NULL,
  `sg_code` int(11) NOT NULL,
  `sg_iscrizione` date DEFAULT NULL,
  `sg_cognome` varchar(45) NOT NULL,
  `sg_nome` varchar(45) NOT NULL,
  `sg_nascita` date DEFAULT NULL,
  `sg_comunenasc` varchar(45) DEFAULT NULL,
  `sg_indirizzo` varchar(45) DEFAULT NULL,
  `sg_comune` varchar(45) DEFAULT NULL,
  `sg_provincia` varchar(2) DEFAULT NULL,
  `sg_regione` varchar(45) DEFAULT NULL,
  `sg_nazione` varchar(20) DEFAULT NULL,
  `sg_note` varchar(100) DEFAULT NULL,
  `sg_grado` varchar(45) DEFAULT NULL,
  `sg_sifu` varchar(45) DEFAULT NULL,
  `scuola_sc_id` int(11) DEFAULT NULL,
  `sg_rinnovo` date DEFAULT NULL,
  `sg_deleted` tinyint(1) NOT NULL DEFAULT '0',
  PRIMARY KEY (`sg_id`),
  UNIQUE KEY `AK_SG_CODE_UNIQUE` (`sg_code`),
  KEY `FK_fk_soggetto_scuola` (`sc_id`),
  KEY `FK4F9921A6C14ED72D` (`scuola_sc_id`),
  KEY `FK_sog2sifu` (`sifu_id`),
  CONSTRAINT `FK4F9921A6C14ED72D` FOREIGN KEY (`scuola_sc_id`) REFERENCES `scuola` (`sc_id`),
  CONSTRAINT `FK_fk_soggetto_scuola` FOREIGN KEY (`sc_id`) REFERENCES `scuola` (`sc_id`),
  CONSTRAINT `FK_sog2sifu` FOREIGN KEY (`sifu_id`) REFERENCES `sifu` (`sifu_id`) ON DELETE SET NULL ON UPDATE NO ACTION
) ENGINE=InnoDB AUTO_INCREMENT=444 DEFAULT CHARSET=latin1;
/*!40101 SET character_set_client = @saved_cs_client */;

--
-- Dumping data for table `soggetto`
--

LOCK TABLES `soggetto` WRITE;
/*!40000 ALTER TABLE `soggetto` DISABLE KEYS */;
INSERT INTO `soggetto` VALUES (6,28,5,788,NULL,'AMATI','PIETRO',NULL,'','','','','PUGLIA',NULL,NULL,'3 GA',NULL,NULL,NULL,0),(7,28,5,1122,NULL,'ABRUZZESE','UMBERTO',NULL,'','','','','PUGLIA',NULL,NULL,'2 GA',NULL,NULL,NULL,0),(8,7,1,580,NULL,'BOCCIA ','PAOLO',NULL,'','','','','ABRUZZO',NULL,NULL,'0 GA',NULL,NULL,NULL,0),(9,7,1,862,NULL,'CATENARO','DIEGO',NULL,'','','','','',NULL,NULL,'6 GA',NULL,NULL,NULL,0),(10,7,1,508,NULL,'DI TOMASO','GIANCARLO',NULL,'','','','','',NULL,NULL,'6 GA',NULL,NULL,NULL,0),(11,7,1,673,NULL,'MENNA','GIANCAMILLO',NULL,'','','','','',NULL,NULL,'5 GA',NULL,NULL,NULL,0),(12,31,1,1451,'2011-01-24','AMEDEO ','STEFANO',NULL,'','','','','',NULL,NULL,'0 GA',NULL,NULL,NULL,0),(14,31,1,1453,'2011-02-02','SIMEONE','SERGIO',NULL,'','','','','',NULL,NULL,'0 GA',NULL,NULL,NULL,0),(15,31,1,1450,'2010-11-10','PERDICCHIA','ANDREA',NULL,'','','','','',NULL,NULL,'0 GA',NULL,NULL,NULL,0),(17,53,1,954,'2010-10-10','MAIETTA','RAFFAELE','1982-07-05','CASERTA','PO 9','MARCIANISE','CE','CAMPANIA',NULL,NULL,'3 GA',NULL,NULL,NULL,0),(20,40,4,1589,'2011-03-27','CARGÒ','PAOLO','1974-04-17','REGGIO CALABRIA','CINCONU','REGGIO CALABRIA','RC','CALABRIA',NULL,NULL,'1 GA',NULL,NULL,NULL,0),(21,31,1,1452,'2011-01-24','MANNI ','ANTONIO',NULL,'','','','','',NULL,NULL,'0 GA',NULL,NULL,NULL,0),(22,31,1,1454,'2011-02-14','MANNI','FRANCESCO',NULL,'','','','','',NULL,NULL,'0 GA',NULL,NULL,NULL,0),(23,31,1,1396,'2011-02-21','MASSUOLO ','ALESSIO',NULL,'','','','','',NULL,NULL,'0 GA',NULL,NULL,NULL,0),(24,31,1,1397,'2011-02-21','FONTO\'','FRANCESCO',NULL,'','','','','',NULL,NULL,'0 GA',NULL,NULL,NULL,0),(25,31,1,1398,'2011-03-07','MANNI','FEDERICO',NULL,'','','','','',NULL,NULL,'0 GA',NULL,NULL,NULL,0),(26,31,1,1399,'2011-02-14','CHETTA','ANTONELLA',NULL,'','','','','',NULL,NULL,'0 GA',NULL,NULL,NULL,0),(27,53,1,2,NULL,'MAFFII','SERGIO',NULL,'','','','','',NULL,NULL,'5 GS',NULL,NULL,NULL,1),(28,7,1,1550,'2011-02-14','CARPINETA','FERDINANDO','1991-05-20','ATESSA','CIVITELLA','ARCHI','CH','ABRUZZO',NULL,NULL,'1 GA',NULL,NULL,NULL,0),(30,7,1,1557,'2010-10-01','D\' AGOSTINO','LUIGI','1972-01-31','CASALBORDINO','SELVOTTI','CASALBORDINO','','ABRUZZO',NULL,NULL,'2 GA',NULL,NULL,NULL,0),(31,7,1,1558,'2011-03-02','CIMINI','STEFANO','1991-12-18','ATESSA','PAGLIETA','','','ABRUZZO',NULL,NULL,'1 GA',NULL,NULL,NULL,0),(32,7,1,1559,'2011-03-15','CARLUCCI','FABIO','1990-12-21','ATESSA','CALTRUCCI','SCERNI','','ABRUZZO',NULL,NULL,'1 GA',NULL,NULL,NULL,0),(33,7,1,1554,'2011-03-08','CALISTI','SIMONE','1975-06-15','ROMA','SAN ROCCO','VASTO','','ABRUZZO',NULL,NULL,'1 GA',NULL,NULL,NULL,0),(34,7,1,1555,'2010-10-20','D\' INTINO','TIZIANO','1980-08-02','TARANTO','DOMENICO CACACENI','ORTONA','CH','ABRUZZO',NULL,NULL,'2 GA',NULL,NULL,NULL,0),(36,20,6,907,'2007-10-10','DELLA VOLPE ','EMANUELE',NULL,'','','ERCOLANO','NA','CAMPANIA',NULL,NULL,'0 GA',NULL,NULL,NULL,0),(37,20,6,1633,'2011-01-05','PINTO R.','ALESSANDRO','1986-03-20','','IGNAZIO SORRENTINO','TORRE DEL GRECO','NA','CAMPANIA',NULL,NULL,'0 GA',NULL,NULL,NULL,0),(38,20,6,1634,'2011-01-05','CONDITO','SIMONE','1989-12-12','','','TORRE DEL GRECO','NA','CAMPANIA',NULL,NULL,'0 GA',NULL,NULL,NULL,0),(39,20,6,1502,'2008-01-05','ABBADIA','MARCELLO','1979-08-03','TORRE DEL GRECO','IV OROLOGI','ERCOLANO','NA','CAMPANIA',NULL,NULL,'0 GA',NULL,NULL,NULL,0),(40,20,6,1503,'2008-01-05','BORRIELLO','MICHELE','1995-09-04','','','','NA','CAMPANIA',NULL,NULL,'0 GA',NULL,NULL,NULL,0),(42,20,6,1509,'2009-01-12','ZINNO','FELICE','1952-04-17','','','','NA','CAMPANIA',NULL,NULL,'0 GA',NULL,NULL,NULL,0),(43,20,6,1508,'2010-09-14','MOSCA','ANTONIO','1993-07-22','','','','NA','CAMPANIA',NULL,NULL,'0 GA',NULL,NULL,NULL,0),(44,20,6,1507,'2010-09-14','CATALDO','CRISTIANO','1994-12-27','','','','NA','CAMPANIA',NULL,NULL,'0 GA',NULL,NULL,NULL,0),(45,20,6,1506,'2010-09-14','AUCIELLO','LIVIO','1990-12-20','','','','NA','CAMPANIA',NULL,NULL,'0 GA',NULL,NULL,NULL,0),(46,20,6,1504,'2008-01-12','MARCOLINO','DARIO','1975-01-30','','','','NA','CAMPANIA',NULL,NULL,'0 GA',NULL,NULL,NULL,0),(47,26,7,1457,'2011-01-20','PANUNZI','RICCARDO',NULL,'','','','','',NULL,NULL,'0 GA',NULL,NULL,NULL,0),(48,15,2,1648,'2010-11-20','DEL GROSSO','PELLEGRINO',NULL,'','','BENEVENTO','BN','CAMPANIA',NULL,NULL,'1 GA',NULL,NULL,NULL,0),(49,15,2,1641,'2010-11-20','MARUCCI ','FRANCO',NULL,'','','BENEVENTO','BN','CAMPANIA',NULL,NULL,'1 GA',NULL,NULL,NULL,0),(50,15,2,1646,'2010-11-20','VERLEZZA','VINCENZO',NULL,'','','BENEVENTO','BN','CAMPANIA',NULL,NULL,'1 GA',NULL,NULL,NULL,0),(51,15,2,1643,'2010-11-20','TANGA ','VERONICA',NULL,'','','BENEVENTO','BN','CAMPANIA',NULL,NULL,'2 GA',NULL,NULL,NULL,0),(52,15,2,1642,'2010-11-20','RICCIARDI','VINCENZO',NULL,'','','BENEVENTO','BN','CAMPANIA',NULL,NULL,'2 GA',NULL,NULL,NULL,0),(53,15,2,1640,'2010-11-20','ORLACCHIO','MANUELA',NULL,'','','BENEVENTO','BN','CAMPANIA',NULL,NULL,'2 GA',NULL,NULL,NULL,0),(54,15,2,1649,'2010-11-20','MATTEI','VELIA NOBILE',NULL,'','','BENEVENTO','BN','CAMPANIA',NULL,NULL,'2 GA',NULL,NULL,NULL,0),(55,15,2,1644,'2010-11-20','LAMANNA','SERENA',NULL,'','','BENEVENTO','BN','CAMPANIA',NULL,NULL,'1 GA',NULL,NULL,NULL,0),(56,15,2,1645,'2010-11-20','LUCIANI','SIMONE',NULL,'','','BENEVENTO','BN','CAMPANIA',NULL,NULL,'2 GA',NULL,NULL,NULL,0),(57,27,2,1405,'2011-02-25','MEKNASSI','DRISS',NULL,'','','MACERATA','MC','MARCHE',NULL,NULL,'1 GA',NULL,NULL,NULL,0),(58,27,2,1155,'2010-09-10','PATRIOSSI','PAOLO',NULL,'','','MACERATA','MC','MARCHE',NULL,NULL,'2 GA',NULL,NULL,NULL,0),(59,27,2,1001,'2010-09-10','MARZIANI','GABRIELE',NULL,'','','MACERATA','MC','MARCHE',NULL,NULL,'2 GA',NULL,NULL,NULL,0),(60,27,2,1303,'2010-03-10','TANONI','PATRIZIA',NULL,'','','MACERATA','MC','MARCHE',NULL,NULL,'5 GA',NULL,NULL,'2011-04-04',0),(61,27,2,1152,'2010-09-10','CAMACCI','FRANCESCO',NULL,'','','MACERATA','MC','MARCHE',NULL,NULL,'2',NULL,NULL,NULL,0),(62,27,2,1441,'2010-11-10','EUGENI','ANDREA',NULL,'','','MACERATA','MC','MARCHE',NULL,NULL,'2',NULL,NULL,NULL,0),(63,27,2,1151,'2010-03-10','MAPONI','MATTEO',NULL,'','','MACERATA','MC','MARCHE',NULL,NULL,'4',NULL,NULL,NULL,0),(64,27,2,1404,'2011-02-10','MORRESI','ALBERTO',NULL,'','','MACERATA','MC','MARCHE',NULL,NULL,'1',NULL,NULL,NULL,0),(65,27,2,1406,'2010-02-10','SESTILLI ','FABIO',NULL,'','','MACERATA','MC','MARCHE',NULL,NULL,'1',NULL,NULL,NULL,0),(66,27,2,1419,'2010-10-10','BRANCHESI','MATTIA',NULL,'','','MACERATA','MC','MARCHE',NULL,NULL,'2',NULL,NULL,NULL,0),(67,23,1,899,NULL,'TORTORIELLO','GERARDO',NULL,'','','','','',NULL,NULL,'0 GA',NULL,NULL,NULL,0),(68,23,1,1301,NULL,'GALASSO','DONATO',NULL,'','','','','',NULL,NULL,'4 GA',NULL,NULL,'2011-06-10',0),(69,21,1,1447,NULL,'MANZI','MICHELE',NULL,'','','','','',NULL,NULL,'0 GA',NULL,NULL,NULL,0),(70,21,1,1631,NULL,'COZZOLINO','NICOLA',NULL,'','','','','',NULL,NULL,'0 GA',NULL,NULL,NULL,0),(71,21,1,1448,NULL,'BOSONE','GENNARO',NULL,'','','','','',NULL,NULL,'3 GA',NULL,NULL,NULL,0),(72,22,1,1302,NULL,'MANNO','CLAUDIO',NULL,'','','','','',NULL,NULL,'0 GA',NULL,NULL,NULL,0),(73,19,1,1244,NULL,'SABATINO','FRANCESCO',NULL,'','','','','',NULL,NULL,'0 GA',NULL,NULL,NULL,0),(74,19,1,1252,NULL,'SCARCIGLIA','GIOVANNI',NULL,'','','','','',NULL,NULL,'0 GA',NULL,NULL,NULL,0),(75,19,1,1071,NULL,'LOSANO','VALERIO',NULL,'','','','','',NULL,NULL,'0 GA',NULL,NULL,NULL,0),(76,19,1,1146,NULL,'PECCERILLO','ROSARIO',NULL,'','','','','',NULL,NULL,'0 GA',NULL,NULL,NULL,0),(77,19,1,1670,NULL,'D\'ANGELO','STANY',NULL,'','','','','',NULL,NULL,'0 GA',NULL,NULL,NULL,0),(78,19,1,543,NULL,'SCIROCCO','MASSIMILIANO',NULL,'','','','','',NULL,NULL,'0 GA',NULL,NULL,NULL,0),(79,13,2,961,'2010-01-10','AURIEMMA','LAURA',NULL,'','','','','',NULL,NULL,'3 GA',NULL,NULL,'2011-09-04',0),(80,13,2,1412,'2010-05-10','TUFANO','MARIO',NULL,'','','','','',NULL,NULL,'1 GA',NULL,NULL,NULL,0),(81,13,2,1414,'2010-05-10','ESPOSITO','ANTONIETTA',NULL,'','','','','',NULL,NULL,'2 GA',NULL,NULL,'2011-03-04',0),(82,13,2,1411,'2011-05-10','VERRUSIO','ALESSANDRO',NULL,'','','','','',NULL,NULL,'1 GA',NULL,NULL,NULL,0),(83,13,2,1440,'2010-01-10','FAZIO','FRANCESCO',NULL,'','','','','',NULL,NULL,'2 GA',NULL,NULL,NULL,0),(84,13,2,1413,'2010-05-10','AMBROSIO','GIUSEPPE',NULL,'','','','','',NULL,NULL,'2 GA',NULL,NULL,NULL,0),(85,13,2,749,'2008-04-18','DE LUCIA','BENITO',NULL,'','','','','',NULL,NULL,'9 GA',NULL,NULL,'2011-03-04',0),(86,13,2,280,'2007-04-18','ZAMPELLA','GIOVANNI',NULL,'','','','','',NULL,NULL,'6 GA',NULL,NULL,NULL,0),(87,13,2,275,'2007-04-18','D\'ADDIO','MICHELE',NULL,'','','','','',NULL,NULL,'9 GA',NULL,NULL,'2011-09-04',0),(88,13,2,897,'2008-04-18','MORICHETTI','CHRISTIAN',NULL,'','','','','',NULL,NULL,'8 GA',NULL,NULL,'2011-03-04',0),(89,13,2,898,NULL,'FRASCOGNA','GIUSEPPE',NULL,'','','','','',NULL,NULL,'6 GA',NULL,NULL,'2011-10-04',0),(90,16,2,1416,'2010-05-18','TOZZI','ANIELLO',NULL,'','','','','',NULL,NULL,'1 GA',NULL,NULL,NULL,0),(91,16,2,1417,'2010-06-18','SANTANGELO','GIANLUCA',NULL,'','','','','',NULL,NULL,'1 GA',NULL,NULL,NULL,0),(92,16,2,1403,'2010-05-18','SANTANGELO','ENZA',NULL,'','','','','',NULL,NULL,'2 GA',NULL,NULL,NULL,0),(93,16,2,1418,'2010-06-18','DI GIACOMO','ALESSANDRA',NULL,'','','','','',NULL,NULL,'0 GA',NULL,NULL,NULL,0),(94,17,2,1407,'2010-05-18','CAMPAGNUOLO','TIZIANA',NULL,'','','','','',NULL,NULL,'2 GA',NULL,NULL,'2011-01-04',0),(95,17,2,1408,'2010-05-18','CERRETO','ANGELO',NULL,'','','','','',NULL,NULL,'2 GA',NULL,NULL,'2011-01-04',0),(96,17,2,1409,'2010-05-18','GINIYATULLINH','ALINA',NULL,'','','','','',NULL,NULL,'1 GA',NULL,NULL,NULL,0),(97,17,2,1410,'2010-04-18','STASI','FRANCESCO',NULL,'','','','','',NULL,NULL,'1 GA',NULL,NULL,NULL,0),(98,17,2,1444,'2010-04-10','PASQUARIELLO','LUIGI',NULL,'','','','','',NULL,NULL,'1 GA',NULL,NULL,NULL,0),(99,17,2,1443,'2010-04-10','MORETTI','RAFFAELE',NULL,'','','','','',NULL,NULL,'1 GA',NULL,NULL,NULL,0),(100,17,2,1442,'2010-04-10','CARFORA','LUIGI',NULL,'','','','','',NULL,NULL,'1 GA',NULL,NULL,NULL,0),(101,14,2,958,'2010-04-10','DE MATTEO','GIOVANNI',NULL,'','','','','',NULL,NULL,'2 GA',NULL,NULL,NULL,0),(102,14,2,1603,'2010-04-10','GOLIA','DAVIDE',NULL,'','','','','',NULL,NULL,'1 GA',NULL,NULL,NULL,0),(103,53,1,983,'2009-09-30','MAZZEO','PIETRO',NULL,'','','','CE','CAMPANIA',NULL,NULL,'5 GA',NULL,NULL,'2010-09-02',0),(104,53,1,1100,'2010-02-03','BUONANNO','GENNARO',NULL,'','','','','',NULL,NULL,'3 GA',NULL,NULL,'2011-03-10',0),(105,53,1,11,'2007-10-10','STELLATO','ANTONIO','1995-08-25','CASERTA','G. LEOPARDI','CATURANO','CE','CAMPANIA',NULL,NULL,'8 GA',NULL,NULL,NULL,0),(107,53,1,1456,'2010-11-12','MAIETTA','ANDREA',NULL,'','','','','',NULL,NULL,'1 GA',NULL,NULL,NULL,0),(108,53,1,875,'2008-04-10','IADICICCO','VINCENZO',NULL,'','','','','',NULL,NULL,'5 GA',NULL,NULL,NULL,0),(109,53,1,643,'2005-05-10','MOHAMMAD','ABU QOUBAYTAH',NULL,'','','','','',NULL,NULL,'8 GA',NULL,NULL,'2011-01-02',0),(110,53,1,644,'2005-04-10','IBRAHIM','ABU QOUBAYTAH',NULL,'','','','','',NULL,NULL,'8 GA',NULL,NULL,'2011-01-10',0),(111,8,1,1488,'2011-02-19','BUSSOLO','LIDIA','1978-04-06','CITTADELLA','BACHELET','FOSSACESIA','','',NULL,NULL,'2 GA',NULL,NULL,NULL,0),(116,8,1,1556,'2010-10-20','CALABRESE','ANDREA','1975-02-20','TORINO','ORIENTE','FOSSACESIA','','',NULL,NULL,'0 GA',NULL,NULL,NULL,0),(119,23,11,750,'2011-04-10','TROZZO','DARIO',NULL,'','','','','CAMPANIA',NULL,NULL,'7 GA',NULL,NULL,NULL,0),(120,44,4,1598,'2011-04-10','PANTO\'','PLACIDO DANIELE','1979-07-18','BIANCAVILLA','BONAVENTURA','BIANCAVILLA','','SICILIA',NULL,NULL,'1 GA',NULL,NULL,NULL,0),(121,44,4,1595,'2011-04-10','PATANE\'','GIUSEPPE','1962-05-01','BIANCAVILLA','MUSCARA\'','BIANCAVILLA','','SICILA',NULL,NULL,'1 GA',NULL,NULL,NULL,0),(122,36,4,1594,'0211-04-10','PSAILLA','CARLOTTA','1994-05-10','GELA','ARGENTINA','GELA','','SICILIA',NULL,NULL,'1 GA',NULL,NULL,NULL,0),(123,35,4,1590,'2011-04-10','RISICATO','ANDREA','1978-03-22','CATANIA','SANTANGELO FULCI','CATANIA','','SICILIA',NULL,NULL,'2 GA',NULL,NULL,NULL,0),(124,35,4,1669,'2011-04-10','MARLETTA','MASSIMILIANO','1982-07-31','CATANIA','BARRIERA','S.G.GALERMO','CT','SICILIA',NULL,NULL,'2 GA',NULL,NULL,NULL,0),(125,44,4,1668,'2011-04-10','CARCIOLA','GIUSEPPE','1997-08-11','BIANCAVILLA','CALLIGARI','BIANCAVILLA','','SICILIA',NULL,NULL,'1 GA',NULL,NULL,NULL,0),(126,35,4,1666,'2011-04-10','CONDORELLI','CHIARA BENEDETTA','1984-01-11','CATANIA','DALMAZIA','CATANIA','CT','SICILIA',NULL,NULL,'1 GA',NULL,NULL,NULL,0),(127,36,4,435,'2009-04-10','CARRUBBA','STEFANO',NULL,'','','','','SICILIA',NULL,NULL,'4 GA',NULL,NULL,'2011-04-10',0),(128,36,4,1016,'2008-04-10','INZOLIA','SARA',NULL,'','','','','SICILIA',NULL,NULL,'7 GA',NULL,NULL,'2011-04-10',0),(129,36,4,241,'2009-04-10','FERRARA','MARIA',NULL,'','','','','SICILIA',NULL,NULL,'9 GA',NULL,NULL,'2011-04-10',0),(130,36,4,243,'2009-04-10','FIDONE','GIOVANNI',NULL,'','','','','SICILIA',NULL,NULL,'7 GA',NULL,NULL,'2011-04-10',0),(131,36,4,1126,'2010-04-09','CONSOLI','ALESSANDRO','1986-09-23','CATANIA','NICOLO\' COPERNICO','S.G. LA PUNTA','CT','SICILIA',NULL,NULL,'5 GA',NULL,NULL,'2011-04-10',0),(132,36,4,434,'2008-04-10','BRODBECK','ENRICO',NULL,'','','','','SICILIA',NULL,NULL,'8 GA',NULL,NULL,'2011-04-10',0),(133,42,4,1583,'2011-04-10','NASO','STEFANO','1971-01-31','CALTAGIRONE','FILIPPO RIBILOTTA','MIRABELLA IMBACCARI','','SICILIA',NULL,NULL,'2 GA',NULL,NULL,NULL,0),(134,42,4,1584,'2011-04-10','D\'AVOLA','ORAZIO','1970-10-29','CALTAGIRONE','CARACCIOLO','MIRABELLA IMBACCARI','','SICILIA',NULL,NULL,'1 GA',NULL,NULL,NULL,0),(135,42,4,1585,'2011-04-10','SINOPOLI','ROBERTO','1983-04-27','CALTAGIRONE','FIRONE','MIRABELLA IMBACCARI','','SICILIA',NULL,NULL,'1 GA',NULL,NULL,NULL,0),(136,42,4,1586,'2011-04-10','BERRETTA','GIUSEPPE','1967-06-17','CALTAGIRONE','PERTINI','MIRABELLA IMBACCARI','','SICILIA',NULL,NULL,'1 GA',NULL,NULL,NULL,0),(137,42,4,1587,'2011-04-10','NASO','LUCA','1991-11-15','CALTAGIRONE','CONTRADA MULINELLO','MIRABELLA IMBACCARI','','SICILIA',NULL,NULL,'1 GA',NULL,NULL,NULL,0),(139,40,4,1591,'2011-03-27','AMMENDOLA','DOMENICO','1979-02-14','R CALABRIA','CARIDI -TRAV. S.MARTINO','R. CALABRIA-GALLICO','','',NULL,NULL,'1 GA',NULL,NULL,NULL,0),(140,40,4,1592,'2011-03-27','NAPOLI','FRANCESCO','1972-11-13','R. CALABRIA','VICO P. ANDICORO','R. CALABRIA','','',NULL,NULL,'1 GA',NULL,NULL,NULL,0),(141,36,4,1131,'2010-01-30','BEVILACQUA','EMANUELE SANTO','1984-03-23','GELA','ERMOCRATE','GELA','','SICILIA',NULL,NULL,'3 GA',NULL,NULL,'2011-01-30',0),(142,36,4,1599,'2011-04-10','PATERNO','FRANCESCO','1989-10-26','GELA','V. STRAZZERI','GELA','','',NULL,NULL,'1 GA',NULL,NULL,NULL,0),(143,41,4,1588,'2011-04-03','RIZZO','ANTONIO','1991-06-04','TERMINI IMERESE','PIETRO','TERMINI IMERESE','','',NULL,NULL,'2 GA',NULL,NULL,NULL,0),(144,36,4,858,'2011-03-10','GRECO','ANGELO',NULL,'','','','','',NULL,NULL,'9 GA',NULL,NULL,NULL,0),(145,36,4,667,'2011-03-10','SALLI\'','CALOGERO',NULL,'','','','','',NULL,NULL,'6 GA',NULL,NULL,NULL,0),(146,36,4,1596,'2011-04-10','SPOTO','ALESSANDRA','1993-06-29','GELA','ISTRIA','GELA','','SICILIA',NULL,NULL,'1 GA',NULL,NULL,NULL,0),(147,36,4,1597,'2011-04-10','SPOTO','SOFIA','1997-01-19','GELA','ISTRIA','GELA','','SICILIA',NULL,NULL,'1 GA',NULL,NULL,NULL,0),(148,44,4,1593,'2011-04-10','CALVAGNO','MARIA GRAZIA','1972-10-23','BIANCAVILLA','POETA CAVAZZARO','BIANCAVILLA','','SICILIA',NULL,NULL,'1 GA',NULL,NULL,NULL,0),(149,36,4,1425,'2011-02-10','CARFI\'','SALVATORE',NULL,'','','','','SICILIA',NULL,NULL,'1 GA',NULL,NULL,NULL,0),(150,36,4,1497,'2011-02-10','NOVELLO','ANDREA',NULL,'','','','','',NULL,NULL,'1 GA',NULL,NULL,NULL,0),(151,36,4,1493,'2011-02-10','MAROTTA','SALVATORE',NULL,'','','','','',NULL,NULL,'2 GA',NULL,NULL,NULL,0),(152,36,4,1491,'2011-02-10','GONA','GIUSEPPE',NULL,'','','','','',NULL,NULL,'0 GA',NULL,NULL,NULL,0),(153,36,4,1494,'2011-02-10','GONA','ORAZIO',NULL,'','','','','',NULL,NULL,'0 GA',NULL,NULL,NULL,0),(154,39,4,1570,'2011-02-10','AMATO','GIOVANNI',NULL,'','','','','',NULL,NULL,'1 GA',NULL,NULL,NULL,0),(155,36,4,1571,'2011-02-10','MAROTTA','FRANCESCO',NULL,'','','','','',NULL,NULL,'1 GA',NULL,NULL,NULL,0),(156,36,4,1572,'2011-02-10','CALI\'','SALVATORE',NULL,'','','','','',NULL,NULL,'1 GA',NULL,NULL,NULL,0),(157,36,4,1573,'2011-02-10','PAGLIAZZO','ANTONIO',NULL,'','','','','',NULL,NULL,'3 GA',NULL,NULL,NULL,0),(158,36,4,1574,'2011-02-10','RAVALE ','ROBERTO',NULL,'','','','','',NULL,NULL,'1 GA',NULL,NULL,NULL,0),(159,36,4,1575,'2011-02-10','TAVANO','ALESSIO',NULL,'','','','','',NULL,NULL,'1 GA',NULL,NULL,NULL,0),(160,36,4,1576,'2011-02-10','NASO','LORENZO',NULL,'','','','','',NULL,NULL,'2 GA',NULL,NULL,NULL,0),(161,36,4,1577,'2011-02-10','GENTILE','GABRIELE',NULL,'','','','','',NULL,NULL,'1 GA',NULL,NULL,NULL,0),(162,36,4,1578,'2011-02-10','CALI\'','FRANCESCO',NULL,'','','','','',NULL,NULL,'2 GA',NULL,NULL,NULL,0),(163,42,4,1579,'2011-01-28','GENTILE','GAETANO','1989-12-01','CALTAGIRONE','F. COSENTINO','MIRABELLA IMBACCARI','','SICILIA',NULL,NULL,'1 GA',NULL,NULL,NULL,0),(164,42,4,1580,'2011-01-28','GULINO','MARIO','1997-01-20','CALTAGIRONE','POLITINI','MIRABELLA IMBACCARI','','SICILIA',NULL,NULL,'1 GA',NULL,NULL,NULL,0),(165,42,4,1581,'2011-02-04','MOLECOLA','SALVATORE','1988-10-08','CALTAGIRONE','G. NOVELLO','MIRABELLA IMBACCARI','','SICILIA',NULL,NULL,'1 GA',NULL,NULL,NULL,0),(166,42,4,1582,'2011-02-04','RASA','CHRISTIAN','1991-02-26','CALTAGIRONE','VECCHIA FERROVIA','MIRABELLA IMBACCARI','','SICILIA',NULL,NULL,'0 GA',NULL,NULL,NULL,0),(167,27,2,1604,'2011-03-10','DE SIMONE','GIUSANNA',NULL,'','','','','MARCHE',NULL,NULL,'0 GA',NULL,NULL,NULL,0),(168,36,4,1423,'2010-12-12','BIUNDO','ANDREA','1985-02-27','GELA','E. FERMI','GELA','','SICILIA',NULL,NULL,'3 GA',NULL,NULL,NULL,0),(169,36,4,1329,'2010-12-02','PONZIO','GIUSEPPE','1995-07-11','GELA','C.SO V. EMANUELE','GELA','CL','SICILIA',NULL,NULL,'2 GA',NULL,NULL,NULL,0),(170,36,4,567,'2008-10-28','CATRINI','EMANUELE','1994-04-08','GELA','SERAFINO LO PIANO','GELA','CL','SICILIA',NULL,NULL,'7 GA',NULL,NULL,NULL,0),(171,35,4,1327,'2010-11-16','ROSALIA','FAUSTO','1988-10-21','CATANIA','BELATELLA','SAN GIOVANNI LA PUNTA','','SICILIA',NULL,NULL,'3 GA',NULL,NULL,NULL,0),(172,35,4,1328,'2010-12-02','MASTRANTONIO ','FRANCESCO','1946-02-10','CARLENTINI','NICOLA CALIPARI','CATANIA','CT','SICILIA',NULL,NULL,'2 GA',NULL,NULL,NULL,0),(173,35,4,1322,'2010-01-09','PERRICONE','GIUSI','1993-04-18','CATANIA','DEL TABOCCO','CATANIA','CT','SICILIA',NULL,NULL,'3 GA',NULL,NULL,NULL,0),(174,36,4,1271,'2010-05-25','MELI','LICIA','1989-03-08','CATANIA','G. GARIBALDI','ACI SANT\'ANTONIO','','SICILIA',NULL,NULL,'4 GA',NULL,NULL,NULL,0),(175,35,4,1272,'2010-05-24','CALDERARO','PLACIDO','1978-04-28','CATANIA','SAN GIUSEPPE','CASTEL DI IUDICA','','SICILIA',NULL,NULL,'3',NULL,NULL,NULL,0),(176,35,4,660,'2008-05-10','CATRINI','GIUSEPPE',NULL,'','','CATANIA','CT','SICILIA',NULL,NULL,'7 GA',NULL,NULL,NULL,0),(177,35,4,473,'2008-05-10','ZIZZO','ANDREA',NULL,'','','CATANIA','CT','SICILIA',NULL,NULL,'7 GA',NULL,NULL,NULL,0),(178,35,4,164,'2007-04-10','PAGLIAZZO','MARCO',NULL,'','','CATANIA','CT','SICILIA',NULL,NULL,'8 GA',NULL,NULL,NULL,0),(179,35,4,169,'2007-04-10','PATRI\'','GIUSEPPE',NULL,'','','CATANIA','CT','SICILIA',NULL,NULL,'8 GA',NULL,NULL,NULL,0),(180,35,4,1260,'2010-05-10','SCORCIASINO','DARIO',NULL,'','','CATANIA','CT','SICILIA',NULL,NULL,'3 GA',NULL,NULL,NULL,0),(181,35,4,1326,'2010-11-11','PENNISI','VINCENZO','1988-08-20','CATANIA','COLONNA','SAN GREGORIO','CT','SICILIA',NULL,NULL,'3 GA',NULL,NULL,NULL,0),(182,35,4,1323,'2010-11-11','PENNISI','STEFANO','1993-08-15','CATANIA','COLONNA','SAN GREGORIO','CT','SICILIA',NULL,NULL,'3 GA',NULL,NULL,NULL,0),(183,35,4,1017,'2009-12-03','LI PIRA','GIANLUCA','1987-02-17','CATANIA','PENSAVALLE','CATANIA','CT','SICILIA',NULL,NULL,'5 GA',NULL,NULL,NULL,0),(184,35,4,663,'2008-05-10','PALUMBO','MATTIA',NULL,'','','CATANIA','CT','SICILIA',NULL,NULL,'6 GA',NULL,NULL,NULL,0),(185,35,4,1338,'2010-10-10','D\'AMONTE','ORAZIO',NULL,'','','CATANIA','CT','SICILIA',NULL,NULL,'1 GA',NULL,NULL,NULL,0),(186,35,4,305,'2010-10-10','GIONFRIDDO','IACOPO',NULL,'','','CATANIA','CT','SICILIA',NULL,NULL,'0 GA',NULL,NULL,NULL,0),(187,35,4,1361,'2009-05-10','FIORITO','FABIO',NULL,'','','CATANIA','CT','SICILIA',NULL,NULL,'6 GA',NULL,NULL,NULL,0),(188,39,4,657,'2008-05-10','VITA','FLAVIO',NULL,'','','','','SICILIA',NULL,NULL,'8 GA',NULL,NULL,NULL,0),(189,36,4,1127,'2010-06-30','NOVELLO','ROSARIO','1986-01-26','CALTAGIRONE','LUISIELLO','MIRABELLA IMBACCARI','','SICILIA',NULL,NULL,'2 GA',NULL,NULL,NULL,0),(190,36,4,1422,'2010-12-12','CALI\'','VINCENZO','1996-05-14','CALTAGIRONE','ALONGI','MIRABELLA IMBACCARI','','SICILIA',NULL,NULL,'2 GA',NULL,NULL,NULL,0),(191,36,4,1337,'2010-12-12','PATRI\'','SIMONE','1996-11-28','CALTAGIRONE','C. DA CHINNICI','MIRABELA IMBACCARI','','SICILIA',NULL,NULL,'3 GA',NULL,NULL,NULL,0),(192,43,4,1360,'2010-11-10','NATALE','GIUSEPPE',NULL,'','','','','',NULL,NULL,'2 GA',NULL,NULL,NULL,0),(193,43,4,1495,'2011-02-06','NATALE','CARMELA RITA','1979-02-25','LICATA','FINZI','LICATA','','SICILIA',NULL,NULL,'2 GA',NULL,NULL,NULL,0),(194,43,4,1427,'2010-11-10','CUSUMANO','VINCENZO',NULL,'','','','','',NULL,NULL,'2 GA',NULL,NULL,NULL,0),(195,43,4,1426,'2010-11-10','CUSUMANO','SEBASTIANO',NULL,'','','','','',NULL,NULL,'2 GA',NULL,NULL,NULL,0),(196,43,4,1428,'2010-11-10','VITALI','ROSANNA',NULL,'','','','','',NULL,NULL,'1 GA',NULL,NULL,NULL,0),(197,43,4,1498,'2010-11-10','LAZZARO','LUIGI',NULL,'','','','','',NULL,NULL,'2 GA',NULL,NULL,NULL,0),(198,43,4,1429,'2010-11-10','CANNAS','MATTIA',NULL,'','','','','',NULL,NULL,'2 GA',NULL,NULL,NULL,0),(199,43,4,1499,'2010-05-10','BARONE','FRANCESCO',NULL,'','','','','',NULL,NULL,'3 GA',NULL,NULL,NULL,0),(200,43,4,1421,'2010-05-10','MINGO','MARIANNA',NULL,'','','','','',NULL,NULL,'2 GA',NULL,NULL,NULL,0),(201,43,4,1424,'2010-05-10','FASO','RICCARDO',NULL,'','','','','',NULL,NULL,'2 GA',NULL,NULL,NULL,0),(202,43,4,87,'2009-05-10','DI BIANCA','ANNA',NULL,'','','','','',NULL,NULL,'5 GA',NULL,NULL,NULL,0),(203,43,4,1490,'2010-11-10','TURCO','SALVATORE',NULL,'','','','','',NULL,NULL,'2 GA',NULL,NULL,NULL,0),(204,43,4,828,'2009-02-04','VITALI','ANGELO','1991-08-16','LICATA','GELA','LICATA','','SICILIA',NULL,NULL,'6 GA',NULL,NULL,NULL,0),(206,24,1,1091,'2009-11-04','DELLA RICCA','GIANCARLO','1960-07-23','INGHILTERRA','BELLASIO','PORDENONE','','FRIULI VENEZIA GIULIA',NULL,NULL,'4 GA',NULL,NULL,NULL,0),(207,51,1,1141,'2011-01-25','SINAGRA','ALESSANDRA','1981-06-25','VITTORIO VENETO','M. BUONARROTI','VITTORIO VENETO','','',NULL,NULL,'O GA',NULL,NULL,NULL,0),(208,51,1,1142,'2011-01-01','COMIS ','ALESSANDRO','1973-07-25','VITTORIO VENETO','SESIA','VITTORIO VENETO','','',NULL,NULL,'8 GA',NULL,NULL,NULL,0),(209,51,1,1104,'2011-01-01','DARIOL ','CINZIA','1973-07-21','VITTORIO VENETO','BOSCHETTA','COLLE UMBERTO','','',NULL,NULL,'6 GA',NULL,NULL,NULL,0),(210,51,1,1472,'2011-01-01','DE NARDI','ANDREA','1988-01-04','VITTORIO VENETO','GALILEO GALILEI','VITTORIO VENETO','','VENETO',NULL,NULL,'2 GA',NULL,NULL,NULL,0),(211,51,1,1471,'2011-01-01','LAMBIASSI','MAURIZIO','1975-09-22','GONNESA','FIORETTI','SAN FIOR','','VENETO',NULL,NULL,'1 GA',NULL,NULL,NULL,0),(212,51,1,1470,'2011-01-01','DELLA LIBERA','WALTER','1973-12-02','VITTORIO VENETO','MENARE\'','VITTORIO VENETO','','VENETO',NULL,NULL,'1 GA',NULL,NULL,NULL,0),(213,51,1,1510,'2011-01-01','MOLINARI','RICCARDO','1965-04-23','VITTORIO VENETO','PREVITALI','VITTORIO VENETO','','VENETO',NULL,NULL,'1 GA',NULL,NULL,NULL,0),(214,51,1,1511,'2011-01-01','PES','ANDREA','1974-12-15','SACILE  (PD)','V. MONTI','FONTANAFREDDA','','VENETO',NULL,NULL,'1 GA',NULL,NULL,NULL,0),(215,51,1,1512,'2011-01-01','PESSOT','EMANUELE','1977-08-29','VITTORIO  VENETO','BOSCHETTA','COLLE UMBERTO','','VENETO',NULL,NULL,'1 GA',NULL,NULL,NULL,0),(216,51,1,1513,'2011-01-01','DE NADAI','LUCA','1970-07-13','SACILE','LOCALITA\' GAIARDIN','CANEVA','','VENETO',NULL,NULL,'1 GA',NULL,NULL,NULL,0),(217,51,1,1516,'2011-01-01','BONTEMPO','DENIS','1978-07-02','CONEGLIANO','CALISELLE','SAN FIOR','','VENETO',NULL,NULL,'3 GA',NULL,NULL,NULL,0),(218,51,1,1514,'2011-01-01','GOBBO','MIRKO','1985-09-22','VITTORIO VENETO','G. DA CAMINO','VILLA DI VILLA (CORDIGNANO)','','VENETO',NULL,NULL,'1 GA',NULL,NULL,NULL,0),(219,51,1,1515,'2011-01-01','LUCCHETTA','ENZO','1967-09-19','VITTORIO VENETO','PIAUC','CAPPELLA MAGGIORE','','VENETO',NULL,NULL,'0 GA',NULL,NULL,NULL,0),(220,10,1,1485,'2011-02-03','MANCINI','NICOLA VINCENZO','1988-09-23','ATESSA','C.DA COLLE CARINGI','PAGLIETA','','',NULL,NULL,'1 GA',NULL,NULL,NULL,0),(221,10,1,1484,'2011-02-05','SCALELLA','ILENIA','1991-05-11','ATESSA','COLLE PIETRE','ATESSA','','',NULL,NULL,'1 GA',NULL,NULL,NULL,0),(222,10,1,1483,'2011-01-05','DI NELLA','MARCO','1988-04-12','LANCIANO','CARAVOTTI','PAGLIETA','','',NULL,NULL,'2 GA',NULL,NULL,NULL,0),(223,10,1,1486,'2011-02-03','MENNA','GIUSEPPE','1997-09-09','LANCIANO','SAN LUCA','ATESSA','','',NULL,NULL,'0 GA',NULL,NULL,NULL,0),(224,8,1,1482,'2010-10-20','PAGLIARONE','GIANLUCA','1976-01-15','LANCIANO','SANDRO','FOSSACESIA','','',NULL,NULL,'3 GA',NULL,NULL,NULL,0),(225,7,1,1481,'2011-02-11','D\'ANNUNZIO','RICCARDO','1998-02-21','LANCIANO','GIULIO CESARE','VASTO','CH','ABRUZZO',NULL,NULL,'1 GA',NULL,NULL,NULL,0),(226,7,1,1480,'2010-10-01','SELICATO','PIETRO','1976-09-02','VASTO','PARCO DEL TRATTURO','VASTO','CH','ABRUZZO',NULL,NULL,'2 GA',NULL,NULL,NULL,0),(227,7,1,1489,'2011-01-01','MARCHESANI','GIANLUIGI','1998-12-30','VASTO','DEL GIGLIO','VASTO','CH','ABRUZZO',NULL,NULL,'0 GA',NULL,NULL,NULL,0),(228,7,1,1487,'2011-01-01','FERRANTE','STEFANO','1993-10-10','VASTO','DUCA DEGLI ABRUZZI','CUPELLO','','',NULL,NULL,'0 GA',NULL,NULL,NULL,0),(229,38,1,1265,'2011-02-18','BOCCHIERI','EMILIO','1992-03-24','RAGUSA','DEGLI ACERI','RAGUSA','RA','SICILIA',NULL,NULL,'0 GA',NULL,NULL,NULL,0),(230,38,1,1626,'2011-02-18','SCOLLO','VITO','1992-12-22','RAGUSA','FONDERIA','CHIARAMONTE-GULFI','','SICILIA',NULL,NULL,'2 GA',NULL,NULL,NULL,0),(231,38,1,1627,'2011-02-18','GIRASA','SALVATORE','1989-01-03','RAGUSA','GERMANIA','RAGUSA','RA','SICILIA',NULL,NULL,'2 GA',NULL,NULL,NULL,0),(232,38,1,1628,'2011-02-18','VANELLONE','MARCO','1990-11-02','RAGUSA','S\'ANNA','RAGUSA','RA','SICILIA',NULL,NULL,'2 GA',NULL,NULL,NULL,0),(233,38,1,1629,'2011-02-19','LA ROSA','FABIO','1973-05-15','VITTORIA','F. BRIGANTI','VITTORIA','','SICILIA',NULL,NULL,'0 GA',NULL,NULL,NULL,0),(234,38,1,1624,'2011-02-27','SCATA\'','VINCENZO','1977-06-07','RAGUSA','ALDO MORO','RAGUSA','RA','SICILIA',NULL,NULL,'1 GA',NULL,NULL,NULL,0),(235,38,1,1623,'2011-02-27','CHIARAMONTE','SALVATORE','1959-06-19','MORLANWELZ','CORSO MAZZINI','SCICLI','','SICILIA',NULL,NULL,'0 GA',NULL,NULL,NULL,0),(236,31,1,1165,'2010-10-04','MONACO','ANDREA',NULL,'','','','','',NULL,NULL,'3 GA',NULL,NULL,NULL,0),(240,31,1,1035,'2009-12-17','NARDO\'','MARIANGELA',NULL,'','','','','',NULL,NULL,'0 GA',NULL,NULL,'2010-12-17',0),(241,31,1,1159,'2010-09-27','SPIRI','GIACOMO',NULL,'','','','','',NULL,NULL,'0 GA',NULL,NULL,NULL,0),(242,31,1,1393,'2010-11-10','STAMERRA','GABRIELE',NULL,'','','','','',NULL,NULL,'0 GA',NULL,NULL,NULL,0),(243,31,1,1380,'2010-10-15','MANNI','GIANLUCA',NULL,'','','','','',NULL,NULL,'0 GA',NULL,NULL,NULL,0),(244,31,1,1383,'2010-10-15','MANNI','ANDREA',NULL,'','','','','',NULL,NULL,'3 GA',NULL,NULL,NULL,0),(250,31,1,1386,'2010-10-15','MARIANO','DANILO',NULL,'','','','','',NULL,NULL,'0 GA',NULL,NULL,NULL,0),(251,31,1,1161,'2010-05-01','CAGGIULA','EMANUELE',NULL,'','','','','',NULL,NULL,'0 GA',NULL,NULL,NULL,0),(252,31,1,1385,'2010-10-15','MARGARITO','GIORGIA',NULL,'','','','','',NULL,NULL,'0 GA',NULL,NULL,NULL,0),(253,31,1,1384,'2010-10-15','MARGARITO','GIADA',NULL,'','','','','',NULL,NULL,'1 GA',NULL,NULL,NULL,0),(254,31,1,1171,'2010-10-13','CAVALERA','MARIA SERENA',NULL,'','','','','',NULL,NULL,'1 GA',NULL,NULL,NULL,0),(255,31,1,1392,'2010-11-08','CORSANO','LUDOVICA',NULL,'','','','','',NULL,NULL,'0 GA',NULL,NULL,NULL,0),(256,31,1,1540,'2011-04-18','MERCURIO','VALENTINO ANTONIO',NULL,'','','','','',NULL,NULL,'0 GA',NULL,NULL,NULL,0),(257,31,1,99999,'2011-04-18','PROVA','PROVA',NULL,NULL,NULL,NULL,NULL,NULL,NULL,NULL,'0 GA',NULL,NULL,NULL,0),(258,36,4,1664,'2011-05-08','GRANIERI','MORENA','1980-01-06','GELA','ETTORE ROMAGNOLI','GELA','','SICILIA',NULL,NULL,'1 GA',NULL,NULL,NULL,0),(259,36,4,1662,'2011-05-08','LOGGIA','GIUSEPPE LUCA','1981-11-13','SVIZZERA  (GRABS)','ANDREA DEL SARTO','GELA','','SICILIA',NULL,NULL,'1 GA',NULL,NULL,NULL,0),(260,47,1,1690,'2011-05-02','BENNARDI','LAURA','1970-07-03','FUCECCHIO','SAN SEVERO','CASTELFRANCO DI SOTTO','','',NULL,NULL,'0 GA',NULL,NULL,NULL,0),(261,55,1,1285,'2011-05-01','MARROFINO ','MATTIA','1989-06-09','TRIESTE','RUGGERO MANNA','TRIESTE','','',NULL,NULL,'0 GA',NULL,NULL,NULL,0),(262,55,1,1674,'2011-05-01','DE VAL','EFREM','1981-08-08','TRIESTE','SALITA DI VUARDEL','TRIESTE','','',NULL,NULL,'0 GA',NULL,NULL,NULL,0),(263,55,1,1288,'2011-05-01','KOVAL','ANASTASIYA','1986-02-07','ODESSA','CORSO ITALIA','TRIESTE','','',NULL,NULL,'0 GA',NULL,NULL,NULL,0),(264,27,2,896,'2010-01-01','DE TOMMASI','LUCA',NULL,'','','MACERATA','MC','MARCHE',NULL,NULL,'1 GS',NULL,NULL,'2011-03-16',0),(265,51,1,737,'2008-08-18','COSTA','DAVIDE',NULL,'','','VITTORIO VENETO','TV','VENETO',NULL,NULL,'4 GS',NULL,NULL,'2011-01-03',0),(266,49,1,107,'2007-11-01','BRAMANTE','RAFFAELE',NULL,'','','ALTOPASCIO','LU','TOSCANA',NULL,NULL,'10 GA',NULL,NULL,'2011-01-03',0),(267,25,1,475,'2008-03-14','TESSARIN','ANDREA',NULL,'','','GRADO','GO','FRIULI',NULL,NULL,'3 GS',NULL,NULL,'2011-01-04',0),(268,51,1,1519,'2011-05-22','MIANI','MATTIA','1983-02-24','VENEZIA','CASTELLO','VENEZIA','','VENETO',NULL,NULL,'0 GA',NULL,NULL,NULL,0),(269,51,1,1521,'2011-05-22','ZANDINELLA','ALBERTO','1975-08-31','VENEZIA','SAN PAOLO 1313','VENEZIA','','VENETO',NULL,NULL,'5 GA',NULL,NULL,NULL,0),(270,47,1,429,'2008-01-17','CIAMPALINI','FEDERICO',NULL,'','','MONTOPOLI','PI','TOSCANA',NULL,NULL,'0 GA',NULL,NULL,'2011-01-15',0),(271,47,1,430,'2008-01-17','BAGNOLI','JONATHAN',NULL,'','','MONTOPOLI','PI','TOSCANA',NULL,NULL,'0 GA',NULL,NULL,'2011-01-17',0),(272,49,1,708,'2009-11-01','BRAMANTE','PIETRO',NULL,'','','ALTOPASCIO','LU','TOSCANA',NULL,NULL,'3 GA',NULL,NULL,'2011-05-22',0),(273,49,1,1006,'2010-04-15','FREDIANI','GIULIA',NULL,'','','ALTOPASCIO','LU','TOSCANA',NULL,NULL,'2 GA',NULL,NULL,'2011-05-22',0),(274,49,1,328,'2008-02-01','MARTINELLI','LUCA',NULL,'','','ALTOPASCIO','LU','TOSCANA',NULL,NULL,'7 GA',NULL,NULL,'2011-02-01',0),(275,49,1,1008,'2010-04-15','GUIDI','LUCA',NULL,'','','ALTOPASCIO','PT','TOSCANA',NULL,NULL,'2 GA',NULL,NULL,'2011-05-22',0),(276,49,1,1532,'2010-11-23','SIMONCINI','CHIARA',NULL,'','','ALTOPASCO','LU','TOSCANA',NULL,NULL,'0 GA',NULL,NULL,NULL,0),(277,48,1,121,'2007-12-08','MEACCI','ELISA',NULL,'','','MONTECATINI TERME','PT','TOSCANA',NULL,NULL,'0 GA',NULL,NULL,NULL,0),(278,48,1,286,'2007-12-08','BUSONI','MATTEO',NULL,'','','MONTECATINI TERME','PT','TOSCANA',NULL,NULL,'0 GA',NULL,NULL,NULL,0),(279,48,1,1012,'2010-06-15','NJERI','FRIDAH WANGUI',NULL,'','','MONTECATINI TERME','PT','TOSCANA',NULL,NULL,'0 GA',NULL,NULL,NULL,0),(280,48,1,617,'2008-10-15','SABBATINI','RICCARDO',NULL,'','','MONTECATINI TERME','PT','TOSCANA',NULL,NULL,'0 GA',NULL,NULL,NULL,0),(281,48,1,616,'2008-10-15','SABBATINI','LEONARDO',NULL,'','','MONTECATINI TERME','PT','TOSCANA',NULL,NULL,'0 GA',NULL,NULL,NULL,0),(282,48,1,890,'2009-10-01','BURESTA','ELISA',NULL,'','','MONTECATINI TERME','PT','TOSCANA',NULL,NULL,'0 GA',NULL,NULL,NULL,0),(283,48,1,891,'2009-10-01','BURESTA','GIULIA',NULL,'','','MONTECATINI TERME','PT','TOSCANA',NULL,NULL,'0 GA',NULL,NULL,NULL,0),(284,48,1,884,'2010-02-15','GUARINO','MANUEL',NULL,'','','MONTECATINI TERME','PT','TOSCANA',NULL,NULL,'0 GA',NULL,NULL,NULL,0),(285,48,1,522,'2008-07-01','BATTAGLINI','ALESSIA',NULL,'','','MONTECATINI TERME','PT','TOSCANA',NULL,NULL,'0 GA',NULL,NULL,NULL,0),(286,48,1,417,'2008-05-15','BATTAGLINI','DANIELE',NULL,'','','MONTECATINI TERME','PT','TOSCANA',NULL,NULL,'1 GA',NULL,NULL,'2011-05-22',0),(287,48,1,1537,'2011-02-02','BELLANDI','DANIELE',NULL,'','','MONTECATINI TERME','PT','TOSCANA',NULL,NULL,'0 GA',NULL,NULL,NULL,0),(288,48,1,1538,'2011-05-12','MARIANELLI','ELIANO',NULL,'','','MONTECATINI TERME','PT','TOSCANA',NULL,NULL,'0 GA',NULL,NULL,NULL,0),(289,48,1,1003,'2010-06-15','LANDI','MASSIMO',NULL,'','','MONTECATINI TERME','PT','TOSCANA',NULL,NULL,'0 GA',NULL,NULL,NULL,0),(290,48,1,340,'2007-12-08','CIAMPI','ROBERTO',NULL,'','','MONTECATINI TERME','PT','TOSCANA',NULL,NULL,'0 GA',NULL,NULL,'2022-02-28',0),(291,7,1,636,'2008-10-10','DI GIOVANNI','ALESSIO',NULL,'','','VASTO','','',NULL,NULL,'0 GA',NULL,NULL,NULL,0),(293,7,1,1375,'2008-10-10','CIRIGLIANO','DAVIDE',NULL,'','','','','',NULL,NULL,'2 GA',NULL,NULL,NULL,0),(294,7,1,1552,'2011-05-20','CERICOLA','NICOLA','1993-05-01','CUNEO','GIORDANO BRUNO','PAGLIETA','','VASTO',NULL,NULL,'1 GA',NULL,NULL,NULL,0),(295,7,1,1551,'2011-03-03','CERAFA','ANTONIO','1987-01-07','CASULI','PIANALA FARA','ATESSA','','VASTO',NULL,NULL,'1 GA',NULL,NULL,NULL,0),(296,7,1,718,'2008-10-10','LIBERATO','BIASE',NULL,'','','','','',NULL,NULL,'5 GA',NULL,NULL,NULL,0),(297,7,1,581,'2008-10-10','DELLA GUARDIA','DANIELE',NULL,'','','','','',NULL,NULL,'6 GA',NULL,NULL,NULL,0),(298,7,1,1191,'2008-10-10','GRAZIANI','ALESSANDRO',NULL,'','','','','',NULL,NULL,'3 GA',NULL,NULL,NULL,0),(299,7,1,835,'2008-10-10','MARCHESANI','LUIGI',NULL,'','','','','',NULL,NULL,'6 GA',NULL,NULL,NULL,0),(300,7,1,861,'2008-10-10','SMARGIASSI','SIMONE',NULL,'','','','','',NULL,NULL,'4 GA',NULL,NULL,NULL,0),(301,7,1,1050,'2008-10-10','DI MARTINO','DINO',NULL,'','','','','',NULL,NULL,'3 GA',NULL,NULL,NULL,0),(302,7,1,855,'2008-10-10','D\'ORAZIO','DANNY',NULL,'','','','','',NULL,NULL,'0 GA',NULL,NULL,NULL,0),(303,7,1,1370,'2008-10-10','MANCINI','GIUSEPPE',NULL,'','','','','',NULL,NULL,'5 GA',NULL,NULL,NULL,0),(304,7,1,1553,'2011-03-02','RILLO','ANDREA','1992-03-04','SAN SEVERO','V.LE DALMAZIA','VASTO','','ABRUZZO',NULL,NULL,'1 GA',NULL,NULL,NULL,0),(305,7,1,1194,'2010-10-26','RANIERI','GIONNI','1989-08-18','PAGLIETAATESSA','VIALE MAZZINI','PAGLIETA','','ABRUZZO',NULL,NULL,'2 GA',NULL,NULL,NULL,0),(308,7,1,1197,'2010-10-26','TRAVAGLINI','CRISTIANA','1992-04-01','LANCIANO','COLLE PIETRE','ATESSA','','ABRUZZO',NULL,NULL,'2 GA',NULL,NULL,NULL,0),(309,7,1,1193,'2008-10-10','BRAVO','GIUSEPPE','1966-09-30','ATESSA','COLLEPIETRE','ATESSA','','ABRUZZO',NULL,NULL,'2 GA',NULL,NULL,NULL,0),(310,7,1,1376,'2008-10-10','ORLANDO','MICHELE',NULL,'','','','','',NULL,NULL,'2 GA',NULL,NULL,NULL,0),(311,7,1,838,'2008-10-10','ROMANO','FRANCESCO',NULL,'','','','','',NULL,NULL,'0 GA',NULL,NULL,NULL,0),(312,8,1,1192,'2010-10-10','STANTE','MARCO PAOLO','1979-02-06','CANADA','STRADA STATALE 16','FOSSACESIA MARINA','','ABRUZZO',NULL,NULL,'3 GA',NULL,NULL,NULL,0),(313,7,1,860,'2008-10-10','ZULLI','IVAN',NULL,'','','','','',NULL,NULL,'5 GA',NULL,NULL,NULL,0),(314,7,1,1371,'2008-10-10','FANTINI','CHIARA',NULL,'','','','','',NULL,NULL,'2 GA',NULL,NULL,NULL,0),(315,8,1,1198,'2010-10-10','BRIGHELLA','LUCIO','1980-12-13','LANCIANO','C. MARCIANI','LANCIANO','','ABRUZZO',NULL,NULL,'2 GA',NULL,NULL,NULL,0),(316,8,1,1199,'2010-10-28','FANTACUZZI','DANIELE','1969-12-14','ROMA','GOITO','CHIETI','','ABRUZZO',NULL,NULL,'3 GA',NULL,NULL,NULL,0),(317,7,1,1200,'2010-10-01','DE RITIS','KATIA','1957-07-30','LANCIANO','ICONICELLA','LANCIANO','','ABRUZZO',NULL,NULL,'3 GA',NULL,NULL,NULL,0),(318,7,1,837,'2008-10-10','CATUOGNO','PIETRO',NULL,'','','','','',NULL,NULL,'2 GA',NULL,NULL,NULL,0),(319,24,1,1476,'2009-10-10','GALLO','SIMONE',NULL,'','','GRADO','','FRIULI-VENEZIA-GIULIA',NULL,NULL,'1 GA',NULL,NULL,NULL,0),(320,24,1,1475,'2009-10-10','LUGNAN','SHARON',NULL,'','','PORDENONE','','FRIULI-VENEZIA-GIULIA',NULL,NULL,'1 GA',NULL,NULL,NULL,1),(321,24,1,1112,'2009-10-10','TESSARIN','PAOLO',NULL,'','','PODRENONE','','FRIULI-VENEZIA-GIULIA',NULL,NULL,'3 GA',NULL,NULL,NULL,1),(322,24,1,1110,'2009-10-10','TESSARIN','MARCO',NULL,'','','PORDENONE','','FRIULI-VENEZIA-GIULIA',NULL,NULL,'3 GA',NULL,NULL,'2011-06-05',1),(323,24,1,736,'2009-10-10','FONTANA','FRANCESCO',NULL,'','','PORDENONE','','FRIULI-VENEZIA-GIULIA',NULL,NULL,'0 GA',NULL,NULL,NULL,1),(324,24,1,738,'2009-10-10','VISENTIN','FABIO',NULL,'','','PORDENONE','','FRIULI-VENEZIA-GIULIA',NULL,NULL,'0 GA',NULL,NULL,NULL,1),(325,24,1,1109,'2009-10-10','BIONDIN','DIEGO',NULL,'','','PORDENONE','','FRIULI-VENEZIA-GIULIA',NULL,NULL,'0 GA',NULL,NULL,'2011-06-05',1),(326,24,1,824,'2009-10-10','MARAN','CLAUDIO',NULL,'','','PORDENONE','','FRIULI-VENEZIA-GIULIA',NULL,NULL,'0 GA',NULL,NULL,'2011-06-05',1),(327,38,1,1695,'2011-05-02','IZZI','FABIO','1992-05-14','CASERTA','RAGAZZI DEL 99','RAGUSA','RG','SICILIA',NULL,NULL,'1 GA',NULL,NULL,NULL,0),(328,38,1,1621,'2011-03-07','MARCANO ','DANIEL','1995-05-08','VENEZUELA','CAPUANA','RAGUSA','RG','SICILIA',NULL,NULL,'1 GA',NULL,NULL,NULL,0),(329,38,1,1620,'2011-01-07','IACONO','FRANCESCO','1995-06-13','RAGUSA','ARCHIMEDE','RAGUSA','RG','SICILIA',NULL,NULL,'1 GA',NULL,NULL,NULL,0),(330,38,1,1687,'2011-06-08','PUMILLO','IVAN','1982-09-20','RAGUSA','VIALE ASIA','POZZALLO','RG','SICILIA',NULL,NULL,'1 GA',NULL,NULL,NULL,0),(331,38,1,1696,'2011-05-02','DI BENEDETTO','DANIELE','1992-07-13','RAGUSA','P. S. MATTARELLA','RAGUSA','RG','SICILIA',NULL,NULL,'1 GA',NULL,NULL,NULL,0),(332,38,1,1622,'2022-04-29','CABIBBO','ANDREA','1986-05-30','CATANIA','DEGLI ABETI','COMISO','','SICILIA',NULL,NULL,'0 GA',NULL,NULL,NULL,0),(333,38,1,1699,'2011-06-08','AGOSTA','STEFANO','1990-01-02','RAGUSA','CARDUCCI','RAGUSA','RG','SICILIA',NULL,NULL,'1 GA',NULL,NULL,NULL,0),(334,38,1,752,'2009-05-30','SHABANI','EVISA','1998-11-24','MODICA','FILIPPO-TURATI','RAGUSA','RG','SICILIA',NULL,NULL,'0 GA',NULL,NULL,NULL,0),(335,38,1,936,'2009-05-30','SHABANI','ALESSIO','2000-05-05','RAGUSA','FILIPPO-TURATI','RAGUSA','RG','SICILIA',NULL,NULL,'0 GA',NULL,NULL,NULL,0),(336,51,1,1518,'2011-06-05','TESTOLIN','ALDO','1978-04-28','MAROSTICA','CAPOVILLA','FOIA VICENTINO','','VENETO',NULL,NULL,'4 GA',NULL,NULL,NULL,0),(337,33,1,1133,'2011-11-10','MANELI','SALVATORE',NULL,'','','','','',NULL,NULL,'0 GA',NULL,NULL,NULL,0),(338,33,1,1263,'2011-11-10','AMARA','PAOLO',NULL,'','','','','',NULL,NULL,'0 GA',NULL,NULL,NULL,0),(339,33,3,1264,'2011-10-11','AMARA','GIOVANNI',NULL,'','','','','SICILIA',NULL,NULL,'0 GA',NULL,NULL,NULL,0),(342,33,3,1266,'2011-10-11','GRASSO','CELESTINO',NULL,'','','','','SICILIA',NULL,NULL,'0 GA',NULL,NULL,NULL,0),(343,33,3,1267,'2011-10-11','ROGGIO','SEBASTIANO',NULL,'','','','','SICILIA',NULL,NULL,'0 GA',NULL,NULL,NULL,0),(344,33,3,1268,'2011-10-11','FAZIO','SEBASTIANO',NULL,'','','','','SICILIA',NULL,NULL,'0 GA',NULL,NULL,NULL,0),(345,33,3,1135,'2011-10-11','CRISCIONE','SALVATORE',NULL,'','','','','SICILIA',NULL,NULL,'0 GA',NULL,NULL,NULL,0),(346,33,3,1269,'2011-10-11','PASSANISI','MARCO',NULL,'','','','','SICILIS',NULL,NULL,'0 GA',NULL,NULL,NULL,0),(347,33,3,1362,'2011-10-11','FAZIO','ANDREA',NULL,'','','','','SICILIA',NULL,NULL,'0 GA',NULL,NULL,NULL,0),(348,33,3,1363,'2011-10-11','OTTAVIANO','BASILIO',NULL,'','','','','SICILIA',NULL,NULL,'0 GA',NULL,NULL,NULL,0),(349,33,3,1364,'2011-10-11','PATTI','ALBERTO',NULL,'','','','','SICILIA',NULL,NULL,'0 GA',NULL,NULL,NULL,0),(350,33,3,147,'2011-10-11','D\'AMICO','MICHELANGELO',NULL,'','','','','SICILIA',NULL,NULL,'0 GA',NULL,NULL,'2011-02-05',0),(351,33,3,148,'2011-10-11','D\'AMICO','GIANLUCA',NULL,'','','','','SICILIA',NULL,NULL,'0 GA',NULL,NULL,'2010-02-10',0),(352,33,3,1365,'2011-10-11','BITETTI','FRANCESCO',NULL,'','','','','SICILIA',NULL,NULL,'0 GA',NULL,NULL,NULL,0),(353,33,3,1366,'2011-10-11','LA FERLA','CESARE',NULL,'','','','','SICILIA',NULL,NULL,'0 GA',NULL,NULL,NULL,0),(354,13,2,751,'2009-01-07','D\' DAMICO','CARMELA',NULL,'','','','','',NULL,NULL,'0 GA',NULL,NULL,'2011-03-10',0),(355,13,2,901,'2009-09-11','MARINO','COSIMO',NULL,'','','','','',NULL,NULL,'0 GA',NULL,NULL,'2011-09-02',0),(356,13,2,742,'2007-10-10','MIRTO','MARCELLO',NULL,'','','','','',NULL,NULL,'0 GA',NULL,NULL,'2010-09-02',0),(357,53,1,1053,'2007-10-10','GATTO','GIUSEPPE','1996-06-06','CASERTA','','SAN NICOLA ','CE','CAMPANIA',NULL,NULL,'0 GA',NULL,NULL,NULL,0),(358,53,1,1143,'2010-03-08','RUSSO','VINCENZO',NULL,'','','CATURANO','CE','CAMPANIA',NULL,NULL,'0 GA',NULL,NULL,NULL,0),(359,13,2,277,'2009-10-10','ALTINI','ALESSANDRO',NULL,'','','','','',NULL,NULL,'7 GA',NULL,NULL,NULL,0),(360,13,2,1401,'2009-10-10','GRASSI','LEOPOLDO',NULL,'','','','','',NULL,NULL,'7 GA',NULL,NULL,'2011-09-04',0),(361,13,2,1750,'2011-05-10','DI MAURO','SIMONE',NULL,'','','','','',NULL,NULL,'1 GA',NULL,NULL,'2011-05-04',0),(362,18,1,948,NULL,'CASERTANO','FRANCESCO JUNIOR',NULL,'','','','','',NULL,NULL,'1 GA',NULL,NULL,NULL,0),(363,18,1,949,NULL,'EBERLE','DANILA',NULL,'','','','','',NULL,NULL,'1 GA',NULL,NULL,NULL,0),(364,19,1,947,NULL,'ESPOSITO','VINCENZO',NULL,'','','','','',NULL,NULL,'2 GA',NULL,NULL,NULL,0),(365,19,1,1455,NULL,'ANTINOLFI','GAETANO',NULL,'','','','','',NULL,NULL,'3 GA',NULL,NULL,NULL,0),(366,19,1,1144,NULL,'VASTANO','MICHELE',NULL,'','','','','',NULL,NULL,'7 GA',NULL,NULL,NULL,0),(367,22,1,291,NULL,'CARIONE','LUCIANO',NULL,'','','','','',NULL,NULL,'9 GA',NULL,NULL,'2011-01-10',0),(368,21,1,1632,NULL,'SQUITIERI','LUCIO',NULL,'','','','','',NULL,NULL,'1 GA',NULL,NULL,NULL,0),(369,13,2,1415,'2011-02-10','ESPOSITO','FRANCESCA',NULL,'','','','','',NULL,NULL,'0 GA',NULL,NULL,'2011-02-04',0),(370,36,4,1780,'2011-06-20','CORSO','ALBERTO','1962-01-08','TRAPANI','IGNAZIO GIUFFRIDA','GELA','','SICILIA',NULL,NULL,'1 GA',NULL,NULL,NULL,0),(371,36,1,1786,'2011-03-10','DI STEFANO','CARMELO','1987-08-30','CALTAGIRONE','G. PASCOLI','MIRABELLA IMBACCARI','','SICILIA',NULL,NULL,'0 GA',NULL,NULL,NULL,0),(372,24,1,1084,NULL,'MAMAN','ADRIANO',NULL,'','','','','',NULL,NULL,'3 GA',NULL,NULL,NULL,0),(373,24,1,1083,NULL,'CONZO','ANDREA',NULL,'','','','','',NULL,NULL,'4 GA',NULL,NULL,NULL,0),(374,24,1,1140,NULL,'FERRARI','CARLO',NULL,'','','','','',NULL,NULL,'3 GA',NULL,NULL,NULL,0),(375,24,1,1085,NULL,'PEZZUTTO','DENIS',NULL,'','','','','',NULL,NULL,'3 GA',NULL,NULL,NULL,0),(377,24,1,1088,NULL,'DELLA MEA','MARCELLO',NULL,'','','','','',NULL,NULL,'4 GA',NULL,NULL,NULL,0),(378,24,1,1086,NULL,'MORASSUT','MASSIMO',NULL,'','','','','',NULL,NULL,'4 GA',NULL,NULL,NULL,0),(379,24,1,1092,NULL,'MARTINI','MIRCO',NULL,'','','','','',NULL,NULL,'3 GA',NULL,NULL,NULL,0),(380,24,1,1090,NULL,'MARTINI','STEFANO',NULL,'','','','','',NULL,NULL,'3 GA',NULL,NULL,NULL,0),(381,24,1,1089,NULL,'DELLA MEA','FABIO',NULL,'','','','','',NULL,NULL,'4 GA',NULL,NULL,NULL,0),(383,24,1,1103,'2011-01-01','DE BORTOLI','ANDREA','1982-12-24','BELLUNO','LIVEL','CAPPELLA MAGGIORE','','FRIULI VENEZIA GIULIA',NULL,NULL,'8 GA',NULL,NULL,NULL,0),(388,53,1,817,NULL,'MARITAN','RICCARDO',NULL,'','','','','CAMPANIA',NULL,NULL,'0 GA',NULL,NULL,NULL,0),(389,51,1,1087,NULL,'CARLI','LADISLAO',NULL,'','','','','',NULL,NULL,'3 GA',NULL,NULL,NULL,0),(390,51,1,1479,NULL,'PIOVESAN','DAVIDE',NULL,'','','','','',NULL,NULL,'1 GA',NULL,NULL,NULL,0),(391,24,1,1517,NULL,'ZANETTE','LUCA',NULL,'','','','','',NULL,NULL,'5 GA',NULL,NULL,NULL,0),(392,39,1,315,NULL,'ARDORE','GRAZIANO',NULL,'','','','','',NULL,NULL,'9 GA',NULL,NULL,NULL,0),(393,38,4,1029,NULL,'IACHININOTO','ANGELO',NULL,'','','','','',NULL,NULL,'6 GA',NULL,NULL,NULL,0),(394,38,4,1275,NULL,'GUASTELLA','ENRICO',NULL,'','','','','',NULL,NULL,'2 GA',NULL,NULL,NULL,0),(395,38,4,1028,NULL,'STRACQUADANIO','GIORGIO',NULL,'','','','','',NULL,NULL,'5 GA',NULL,NULL,NULL,0),(396,38,4,1625,'2011-02-18','BOCCHIERI','EMILIO','1992-03-24','RAGUSA','DEGLI ACERI','RAGUSA','','SICILIA',NULL,NULL,'2 GA',NULL,NULL,NULL,0),(397,38,4,1310,'2010-06-01','BONVISSUTO','SILVIA',NULL,'','','','','',NULL,NULL,'3 GA',NULL,NULL,NULL,0),(398,38,4,1330,'2010-09-01','OCCHIPINTI','GIOVANNI',NULL,'','','','','',NULL,NULL,'3 GA',NULL,NULL,NULL,0),(399,38,4,1277,'2010-03-09','CABBIBBO','SALVATORE',NULL,'','','','','',NULL,NULL,'5 GA',NULL,NULL,NULL,0),(401,38,4,1276,'2010-01-01','POIDOMANI','ENRICO',NULL,'','','','','',NULL,NULL,'2 GA',NULL,NULL,NULL,0),(402,38,4,1311,NULL,'BAMBACI','SALVATORE',NULL,'','','','','',NULL,NULL,'4 GA',NULL,NULL,NULL,0),(403,38,4,465,'2007-11-30','TUMINO','CARMELO',NULL,'','','','','',NULL,NULL,'10 GA',NULL,NULL,NULL,0),(404,38,4,1331,'2009-12-14','ICANO','GIOVANNI',NULL,'','','','','',NULL,NULL,'0 GA',NULL,NULL,NULL,0),(405,41,4,1663,NULL,'MUGAVERO','GABRIELE',NULL,'','','','','',NULL,NULL,'1 GA',NULL,NULL,NULL,0),(406,41,4,1661,NULL,'D\'ORSI','GIUSEPPE',NULL,'','','','','',NULL,NULL,'1 GA',NULL,NULL,NULL,0),(407,41,4,1665,NULL,'MAGLIANISI','ANGELLO',NULL,'','','','','',NULL,NULL,'1 GA',NULL,NULL,NULL,0),(408,43,4,1660,NULL,'TARDINO','FILIPPO',NULL,'','','','','',NULL,NULL,'1 GA',NULL,NULL,NULL,0),(409,43,4,867,NULL,'GALANTE','GIUSEPPE DAVIDE',NULL,'','','','','',NULL,NULL,'6 GA',NULL,NULL,NULL,0),(410,43,4,874,NULL,'SEVERINO','GIUSEPPE',NULL,'','','','','',NULL,NULL,'6 GA',NULL,NULL,NULL,0),(411,43,4,319,NULL,'RUBINO','RICCARDO',NULL,'','','','','',NULL,NULL,'6 GA',NULL,NULL,NULL,0),(412,43,4,870,NULL,'DI BIANCA','ANNA',NULL,'','','','','',NULL,NULL,'6 GA',NULL,NULL,NULL,0),(414,38,4,1685,NULL,'TROMBETTA','GIUSEPPE GIOVANNI',NULL,'','','','','',NULL,NULL,'0 GA',NULL,NULL,NULL,0),(415,38,4,1686,NULL,'DI FIORE','MARIA',NULL,'','','','','',NULL,NULL,'0 GA',NULL,NULL,NULL,0),(416,38,4,1698,NULL,'TABBI\'','DAVIDE',NULL,'','','','','',NULL,NULL,'0 GA',NULL,NULL,NULL,0),(417,34,3,1305,NULL,'FORNI\'','MATTIA',NULL,'','','','','',NULL,NULL,'0 GA',NULL,NULL,'2011-03-05',0),(418,34,3,1306,NULL,'GALLO','IVAN',NULL,'','','','','',NULL,NULL,'0 GA',NULL,NULL,'2011-03-05',0),(419,34,3,1307,NULL,'NIFOSI\'','VALERIO',NULL,'','','','','',NULL,NULL,'0 GA',NULL,NULL,'2011-03-05',0),(420,34,3,1308,NULL,'MANERI','ANDREA',NULL,'','','','','',NULL,NULL,'0 GA',NULL,NULL,'2011-03-05',0),(421,34,3,1139,NULL,'CANTO','SANARO',NULL,'','','','','',NULL,NULL,'0 GA',NULL,NULL,'2011-04-05',0),(422,34,3,1024,NULL,'GRANATA','FABRIZIO',NULL,'','','','','',NULL,NULL,'0 GA',NULL,NULL,'2011-03-05',0),(423,34,3,1134,NULL,'IRRESA','SIMONE',NULL,'','','','','',NULL,NULL,'0 GA',NULL,NULL,'2011-04-05',0),(424,34,3,1309,NULL,'PALUMBO','VALENTINA',NULL,'','','','','',NULL,NULL,'0 GA',NULL,NULL,'2011-04-05',0),(425,34,3,1026,NULL,'DUGO','DANIEL',NULL,'','','','','',NULL,NULL,'0 GA',NULL,NULL,'2011-04-05',0),(426,34,3,1560,NULL,'CORSO','LUCIANA',NULL,'','','','','',NULL,NULL,'0 GA',NULL,NULL,'2011-05-05',0),(427,34,3,1561,NULL,'PICCIONE','GIUSEPPE',NULL,'','','','','',NULL,NULL,'0 GA',NULL,NULL,'2011-05-05',0),(428,34,3,143,NULL,'ARSI','ANDREA',NULL,'','','','','',NULL,NULL,'0 GA',NULL,NULL,'2010-10-05',0),(429,34,3,1562,NULL,'ARGERI','MASSIMO',NULL,'','','','','',NULL,NULL,'0 GA',NULL,NULL,'2011-05-05',0),(430,34,3,144,NULL,'SAIA','SEBASTIANO',NULL,'','','','','',NULL,NULL,'0 GA',NULL,NULL,'2010-12-05',0),(432,33,4,659,NULL,'LICCIARDELLO','ENRICO',NULL,'','','','','',NULL,NULL,'7 GA',NULL,NULL,NULL,0),(433,33,4,1787,NULL,'NASO','GABRIELE',NULL,'','','','','',NULL,NULL,'1 GA',NULL,NULL,NULL,0),(434,33,4,37,NULL,'SAPIENZA','FILIPPO',NULL,'','','','','',NULL,NULL,'0 GA',NULL,NULL,NULL,0),(435,33,4,249,NULL,'GAMBA','EUGENIO',NULL,'','','','','',NULL,NULL,'0 GA',NULL,NULL,NULL,0),(436,33,4,156,NULL,'GIUDIK','ROCCO',NULL,'','','','','',NULL,NULL,'0 GA',NULL,NULL,NULL,0),(437,33,4,1335,NULL,'IACOPINELLI','SALVATORE',NULL,'','','','','',NULL,NULL,'9 GA',NULL,NULL,NULL,0),(438,33,4,170,NULL,'CHIOVETTA','MICHELE',NULL,'','','','','',NULL,NULL,'0 GA',NULL,NULL,NULL,0),(439,33,4,308,NULL,'CAPPELLO','ANTONIO',NULL,'','','','','',NULL,NULL,'0 GA',NULL,NULL,NULL,0),(440,33,4,242,NULL,'VETRO','BENITO',NULL,'','','','','',NULL,NULL,'0 GA',NULL,NULL,NULL,0),(441,7,1,1790,'2011-05-31','ORSINI','ARTURO','1973-01-20','VENEZUELA','E. CASELLA','CEPAGATTI','PE','ABRUZZO',NULL,NULL,'0 GA',NULL,NULL,NULL,0),(442,10,1,1196,'2010-10-26','SPINELLI','ADOLFO','1995-01-10','ATESSA','PIANA LA FARA','ATESSA','','ABRUZZO',NULL,NULL,'0 GA',NULL,NULL,NULL,0),(443,10,1,1195,'2010-10-26','DI DOMENICA','ANGELO','1993-12-23','VASTO','S. AMICO','ARCHI','','ABRUZZO',NULL,NULL,'0 GA',NULL,NULL,NULL,0);
/*!40000 ALTER TABLE `soggetto` ENABLE KEYS */;
UNLOCK TABLES;

--
-- Table structure for table `ws_sezione`
--

DROP TABLE IF EXISTS `ws_sezione`;
/*!40101 SET @saved_cs_client     = @@character_set_client */;
/*!40101 SET character_set_client = utf8 */;
CREATE TABLE `ws_sezione` (
  `wssez_id` int(11) NOT NULL AUTO_INCREMENT,
  `sg_id` int(11) DEFAULT NULL,
  `sez_nome` varchar(45) NOT NULL,
  `wssez_attestato` varchar(45) DEFAULT NULL,
  `wssez_grado` varchar(45) DEFAULT NULL,
  `wssez_data` date DEFAULT NULL,
  `wssez_ins_sifu` varchar(45) DEFAULT NULL,
  `wssez_citta` varchar(45) DEFAULT NULL,
  PRIMARY KEY (`wssez_id`),
  UNIQUE KEY `UNIQUE` (`sg_id`,`sez_nome`),
  KEY `FK_Relationship_12` (`sez_nome`),
  CONSTRAINT `FK_Relationship_12` FOREIGN KEY (`sez_nome`) REFERENCES `sezione` (`sez_nome`),
  CONSTRAINT `FK_Relationship_13` FOREIGN KEY (`sg_id`) REFERENCES `soggetto` (`sg_id`) ON DELETE CASCADE ON UPDATE NO ACTION
) ENGINE=InnoDB AUTO_INCREMENT=6 DEFAULT CHARSET=latin1;
/*!40101 SET character_set_client = @saved_cs_client */;

--
-- Dumping data for table `ws_sezione`
--

LOCK TABLES `ws_sezione` WRITE;
/*!40000 ALTER TABLE `ws_sezione` DISABLE KEYS */;
INSERT INTO `ws_sezione` VALUES (2,17,'5^ Sezione CS','1','2 GS','2011-03-20','DAI SIFU','CASERTA'),(5,17,'1^ + 2^ SEZ. MYCF','2','2 GS','2011-03-30','DAI SIFU','MARCIANISE');
/*!40000 ALTER TABLE `ws_sezione` ENABLE KEYS */;
UNLOCK TABLES;

--
-- Table structure for table `wt_esame`
--

DROP TABLE IF EXISTS `wt_esame`;
/*!40101 SET @saved_cs_client     = @@character_set_client */;
/*!40101 SET character_set_client = utf8 */;
CREATE TABLE `wt_esame` (
  `es_id` int(11) NOT NULL AUTO_INCREMENT,
  `sg_id` int(11) NOT NULL,
  `es_attestato` varchar(45) DEFAULT NULL,
  `es_grado` varchar(45) DEFAULT NULL,
  `es_data` date DEFAULT NULL,
  `es_ins_sifu` varchar(45) DEFAULT NULL,
  `es_citta` varchar(45) DEFAULT NULL,
  PRIMARY KEY (`es_id`),
  UNIQUE KEY `UNICO_ATTESTATO` (`es_attestato`),
  UNIQUE KEY `UNICO_ESAME` (`sg_id`,`es_grado`),
  CONSTRAINT `FK_esa2sog` FOREIGN KEY (`sg_id`) REFERENCES `soggetto` (`sg_id`) ON DELETE CASCADE ON UPDATE NO ACTION
) ENGINE=InnoDB AUTO_INCREMENT=363 DEFAULT CHARSET=latin1;
/*!40101 SET character_set_client = @saved_cs_client */;

--
-- Dumping data for table `wt_esame`
--

LOCK TABLES `wt_esame` WRITE;
/*!40000 ALTER TABLE `wt_esame` DISABLE KEYS */;
INSERT INTO `wt_esame` VALUES (3,6,'322','3 GA','2011-03-19','DAI SIFU','ACQUAVIVA D.F.'),(4,7,'377','2 GA','2011-03-19','DAI SIFU','ACQUAVIVA D.F.'),(5,9,'334','6 GA','2011-03-19','DAI SIFU','ACQUAVIVA D.F. '),(6,17,'284','2 GA','2011-03-19','CRISCI','CANCELLO SCALO'),(7,48,'1','1 GA','2010-12-11','CRISCI','BENEVENTO'),(8,49,'4','1 GA','2010-12-11','CRISCI','BENEVENTO'),(9,50,'5','1 GA','2010-12-11','CRISCI','BENEVENTO'),(10,51,'7','1 GA','2010-12-11','CRISCI','BENEVENTO'),(11,52,'8','1 GA','2010-12-11','CRISCI','BENEVENTO'),(12,53,'10','1 GA','2010-12-11','CRISCI','BENEVENTO'),(13,54,'14','1 GA','2010-12-11','CRISCI','BENEVENTO'),(14,55,'15','1 GA','2010-12-11','CRISCI','BENEVENTO'),(15,56,'16','1 GA','2010-12-11','CRISCI','BENEVENTO'),(16,57,'17','1 GA','2011-04-03','CRISCI','MACERATA'),(17,58,'18','2 GA','2011-04-03','CRISCI','MACERATA'),(18,59,'19','2 GA','2011-04-03','CRISCI','MACERATA'),(19,60,'20','4 GA','2011-04-03','CRISCI','MACERATA'),(20,61,'310','2','2011-04-03','CRISCI','MACERATA'),(21,62,'311','2','2011-04-03','CRISCI','MACERATA'),(22,63,'312','4','2011-04-03','CRISCI','MACERATA'),(23,64,'313','1','2011-04-03','CRISCI','MACERATA'),(24,65,'314','1','2011-04-03','CRISCI','MACERATA'),(25,66,'315','2','2011-04-03','CRISCI','MACERATA'),(26,119,'364','6 GA','2011-04-10','DAI SIFU','MACERATA'),(27,168,'210','2 GA','2011-04-10','DAMANTE','CATANIA'),(28,146,'351','1 GA','2011-04-10','DAMANTE','CATANIA'),(29,147,'352','1 GA','2011-04-10','DAMANTE','CATANIA'),(30,122,'353','1 GA','2011-04-10','DAMANTE','CATANIA'),(31,169,'354','2 GA','2011-04-10','DAMANTE','CATANIA'),(32,142,'355','1 GA','2011-04-10','DAMANTE','CATANIA'),(33,126,'358','1 GA','2011-04-10','DAMANTE','CATANIA'),(34,141,'360','3 GA','2011-04-10','DAMANTE','CATANIA'),(35,129,'383','9 GA','2011-04-10','DAMANTE','CATANIA'),(37,130,'384','7 GA','2011-04-10','DAMANTE','CATANIA'),(39,170,'356','6 GA','2011-04-10','DAMANTE','CATANIA'),(40,120,'385','1 GA','2011-04-10','DAMANTE','CATANIA'),(41,121,'386','1 GA','2011-04-10','DAMANTE','CATANIA'),(42,125,'387','1 GA','2011-04-10','DAMANTE','CATANIA'),(43,148,'388','1 GA','2011-04-10','DAMANTE','CATANIA'),(44,131,'390','4 GA','2011-04-10','DAMANTE','CATANIA'),(45,132,'391','8 GA','2011-04-10','DAMANTE','CATANIA'),(46,171,'392','2 GA','2011-04-10','DAMANTE','CATANIA'),(47,172,'393','2 GA','2011-04-10','DAMANTE','CATANIA'),(48,173,'394','2 GA','2011-04-10','DAMANTE','CATANIA'),(54,175,'205','3','2011-04-10','DAMANTE','CATANIA'),(55,144,'238','9 GA','2011-04-03','DAMANTE','AGRIGENTO'),(56,145,'239','6 GA','2011-04-03','DAMANTE','AGRIGENTO'),(57,143,'201','2 GA','2011-04-03','DAMANTE','AGRIGENTO'),(58,176,'357','6 GA','2011-04-10','DAMANTE','CATANIA'),(59,177,'359','6 GA','2011-04-10','DAMANTE','CATANIA'),(60,178,'381','8 GA','2011-04-10','DAMANTE','CATANIA'),(61,179,'382','8 GA','2011-04-10','DAMANTE','CATANIA'),(62,180,'389','3 GA','2011-04-10','DAMANTE','CATANIA'),(63,181,'396','2 GA','2011-04-10','DAMANTE','CATANIA'),(64,182,'397','2 GA','2011-04-10','DAMANTE','CATANIA'),(66,184,'399','6 GA','2011-04-10','DAMANTE','CATANIA'),(67,185,'203','1 GA','2011-04-10','DAMANTE','CATANIA'),(68,187,'209','5 GA','2011-04-10','DAMANTE','CATANIA'),(69,188,'240','7 GA','2011-04-03','DAMANTE','AGRIGENTO'),(70,134,'211','1 GA','2011-03-20','DAMANTE','MIRABELLA IMBACCARI'),(71,133,'212','1 GA','2011-03-20','DAMANTE','MIRABELLA IMBACCARI'),(72,183,'398','4 GA','2011-04-10','DAMANTE','CATANIA'),(73,174,'395','3 GA','2011-04-10','DAMANTE','CATANIA'),(74,128,'204','7 GA','2011-04-10','DAMANTE','CATANIA'),(75,127,'206','4 GA','2011-04-10','DAMANTE','CATANIA'),(76,124,'207','1 GA','2011-04-10','DAMANTE','CATANIA'),(77,123,'208','1 GA','2011-04-10','DAMANTE','CATANIA'),(78,139,'235','1','2011-03-27','DAMANTE','R. CALABRIA'),(79,140,'236','1 GA','2011-03-27','DAMANTE','R. CALABRIA'),(82,137,'213','1 GA','2011-03-20','DAMANTE','MIRABELLA IMBACCARI'),(83,136,'214','1 GA','2011-03-20','DAMANTE','MIRABELLA IMBACCARI'),(84,135,'215','1 GA','2011-03-20','DAMANTE','MIRABELLA IMBACCARI'),(85,160,'216','1 GA','2011-03-20','DAMANTE','MIRABELLA IMBACCARI'),(86,157,'217','1 GA','2011-03-20','DAMANTE','MIRABELLA IMBACCARI'),(87,161,'218','1 GA','2011-03-20','DAMANTE','MIRABELLA IMBACCARI'),(88,163,'219','1 GA','2011-03-20','DAMANTE','MIRABELLA IMBACCARI'),(89,158,'220','1 GA','2011-03-20','DAMANTE','MIRABELLA IMBACCARI'),(90,164,'221','1 GA','2011-03-20','DAMANTE','MIRABELLA IMBACCARI'),(93,155,'222','1 GA','2011-03-20','DAMANTE','MIRABELLA IMBACCARI'),(96,151,'223','2 GA','2011-03-20','DAMANTE','MIRABELLA IMBACCARI'),(97,189,'224','2 GA','2011-03-20','DAMANTE','MIRABELLA IMBACCARI'),(98,150,'225','1 GA','2011-03-20','DAMANTE','MIRABELLA IMBACCARI'),(99,154,'226','1 GA','2011-03-20','DAMANTE','MIRABELLA IMBACCARI'),(100,156,'227','1 GA','2011-03-20','DAMANTE','MIRABELLA IMBACCARI'),(101,165,'228','1 GA','2011-03-20','DAMANTE','MIRABELLA IMBACCARI'),(102,149,'229','1 GA','2011-03-20','DAMANTE','MIRABELLA IMBACCARI'),(103,190,'231','2 GA','2011-03-20','DAMANTE','MIRABELLA IMBACCARI'),(104,162,'230','1 GA','2011-03-20','DAMANTE','MIRABELLA IMBACCARI'),(105,159,'232','1 GA','2011-03-20','DAMANTE','MIRABELLA IMBACCARI'),(106,191,'233','2 GA','2011-03-20','DAMANTE','MIRABELLA IMBACCARI'),(107,204,'234','5 GA','2011-03-20','DAMANTE','MIRABELLA IMBACCARI'),(108,192,'22','1 GA','2011-02-06','DAMANTE','LICATA'),(109,193,'23','1 GA','2011-02-06','DAMANTE','LICATA'),(110,194,'26','1 GA','2011-02-06','DAMANTE','LICATA'),(111,195,'27','1 GA','2011-02-06','DAMANTE','LICATA'),(112,196,'28','1 GA','2011-02-06','DAMANTE','LICATA'),(113,197,'29','1 GA','2011-02-06','DAMANTE','LICATA'),(114,198,'30','1 GA','2011-02-06','DAMANTE','LICATA'),(115,199,'32-33','1-2 GA','2011-02-06','DAMANTE','LICATA'),(116,200,'24','2 GA','2011-02-06','DAMANTE','LICATA'),(117,201,'31','2 GA','2011-02-06','DAMANTE','LICATA'),(118,202,'25','5 GA','2011-02-06','DAMANTE','LICATA'),(119,203,'21','1 GA','2011-02-06','DAMANTE','LICATA'),(120,79,'118','2 GA','2011-03-19','CRISCI','CANCELLO SCALO'),(121,80,'119','1 GA','2011-03-19','CRISCI','CANCELLO SCALO'),(122,81,'120','1 GA','2011-03-19','CRISCI','CANCELLO SCALO'),(123,82,'261','1 GA','2011-03-19','CRISCI','CANCELLO SCALO'),(124,83,'262','2 GA','2011-03-19','CRISCI','CANCELLO SCALO'),(125,84,'263','2 GA','2011-03-19','CRISCI','CANCELLO SCALO'),(126,85,'264','8 GA','2011-03-19','CRISCI','CANCELLO SCALO'),(127,86,'265','6 GA','2011-03-19','CRISCI','CANCELLO SCALO'),(128,87,'277','8 GA','2011-03-19','CRISCI','CANCELLO SCALO'),(129,88,'279','7 GA','2011-03-19','CRISCI','CANCELLO SCALO'),(130,90,'266','1 GA','2011-03-19','CRISCI','CANCELLO SCALO'),(131,91,'267','1 GA','2011-03-19','CRISCI','CANCELLO SCALO'),(132,92,'268','2 GA','2011-03-19','CRISCI','CANCELLO SCALO'),(133,93,'280','0 GA','2011-03-19','CRISCI','CANCELLO SCALO'),(134,94,'269','1 GA','2011-03-19','CRISCI','CANCELLO SCALO'),(135,95,'270','1 GA','2011-03-19','CRISCI','CANCELLO SCALO'),(136,96,'271','1 GA','2011-03-19','CRISCI','CANCELLO SCALO'),(137,97,'272','1 GA','2011-03-19','CRISCI','CANCELLO SCALO'),(138,98,'273','1 GA','2011-03-19','CRISCI','CANCELLO SCALO'),(139,99,'274','1 GA','2011-03-19','CRISCI','CANCELLO SCALO'),(140,100,'275','1 GA','2011-03-19','CRISCI','CANCELLO SCALO'),(141,101,'276','2 GA','2011-03-19','CRISCI','CANCELLO SCALO'),(142,102,'278','1 GA','2011-03-19','CRISCI','CANCELLO SCALO'),(143,103,'281','5 GA','2011-03-19','CRISCI','CANCELLO SCALO'),(144,104,'282','3 GA','2011-03-19','CRISCI','CANCELLO SCALO'),(145,105,'283','8 GA','2011-03-19','CRISCI','CANCELLO SCALO'),(147,107,'285','1 GA','2011-03-19','CRISCI','CANCELLO SCALO'),(148,108,'361','5 GA','2011-03-19','CRISCI','CANCELLO SCALO'),(149,109,'362','8 GA','2011-03-19','CRISCI','CANCELLO SCALO'),(150,110,'363','8 GA','2011-03-19','CRISCI','CANCELLO SCALO'),(152,20,'237','1 GA','2011-03-27','DAMANTE','R. CALABRIA'),(153,236,'415','3 GA','2011-05-01','DE VITIS','RACALE'),(154,244,'411','3 GA','2011-05-01','DE VITIS','RACALE'),(155,253,'158','1 GA','2011-05-01','DE VITIS','RACALE'),(156,254,'159','1 GA','2011-05-01','DE VITIS','RACALE'),(157,286,'451','1 GA','2011-05-22','STELLATO','MONTECATINI TERME'),(158,272,'453','3 GA','2011-05-22','STELLATO','MONTECATINI TERME'),(159,273,'454','2 GA','2011-05-22','STELLATO','MONTECATINI TERME'),(160,274,'452','7 GA','2011-05-22','STELLATO','MONTECATINI TERME'),(161,275,'455','2 GA','2011-05-22','STELLATO','MONTECATINI TERME'),(162,296,'483','5 GA','2011-05-28','STELLATO','VASTO'),(163,33,'484','1 GA','2011-05-28','STELLATO','VASTO'),(164,30,'485','2 GA','2011-05-28','STELLATO','VASTO'),(165,225,'486','1 GA','2011-05-28','STELLATO','VASTO'),(166,297,'487','6 GA','2011-05-28','STELLATO','VASTO'),(167,32,'488','1 GA','2011-05-28','STELLATO','VASTO'),(168,298,'489','3 GA','2011-05-28','STELLATO','VASTO'),(169,299,'490','6 GA','2011-05-28','STELLATO','VASTO'),(170,226,'481','2 GA','2011-05-28','STELLATO','VASTO'),(171,300,'456','3 GA','2011-05-28','STELLATO','VASTO'),(172,300,'457','4 GA','2011-05-28','STELLATO','VASTO'),(173,301,'458','3 GA','2011-05-28','STELLATO','VASTO'),(174,303,'459','5 GA','2011-05-28','STELLATO','VASTO'),(175,304,'460','1 GA','2011-05-28','STELLATO','VASTO'),(176,34,'461','1 GA','2011-05-28','STELLATO','VASTO'),(177,34,'462','2 GA','2011-05-28','STELLATO','VASTO'),(178,111,'463','1 GA','2011-05-28','STELLATO','VASTO'),(179,111,'464','2 GA','2011-05-28','STELLATO','VASTO'),(180,305,'465','1 GA','2011-05-28','STELLATO','VASTO'),(181,305,'466','2 GA','2011-05-28','STELLATO','VASTO'),(182,308,'467','2 GA','2011-05-28','STELLATO','VASTO'),(183,309,'468','2 GA','2011-05-28','STELLATO','VASTO'),(184,310,'502','2 GA','2011-05-28','STELLATO','VASTO'),(185,10,'470','6 GA','2011-05-28','STELLATO','VASTO'),(186,312,'471','3 GA','2011-05-28','STELLATO','VASTO'),(187,313,'472','5 GA','2011-05-28','STELLATO','VASTO'),(188,314,'473','2 GA','2011-05-28','STELLATO','VASTO'),(189,315,'474','2 GA','2011-05-28','STELLATO','VASTO'),(190,316,'475','3 GA','2011-05-28','STELLATO','VASTO'),(191,224,'476','3 GA','2011-05-28','STELLATO','VASTO'),(192,317,'477','3 GA','2011-05-28','STELLATO','VASTO'),(193,11,'478','5 GA','2011-05-28','STELLATO','VASTO'),(194,28,'479','1 GA','2011-05-28','STELLATO','VASTO'),(195,222,'491','1 GA','2011-05-28','STELLATO','VASTO'),(196,222,'492','2 GA','2011-05-28','STELLATO','VASTO'),(197,318,'480','2 GA','2011-05-28','STELLATO','VASTO'),(200,220,'493','1 GA','2011-05-28','STELLATO','VASTO'),(201,31,'494','1 GA','2011-05-28','STELLATO','VASTO'),(202,221,'495','1 GA','2011-05-28','STELLATO','VASTO'),(203,293,'496','2 GA','2011-05-28','STELLATO','VASTO'),(204,294,'497','1 GA','2011-05-28','STELLATO','VASTO'),(205,295,'498','1 GA','2011-05-28','STELLATO','VASTO'),(209,319,'367','1 GA','2011-06-05','STELLATO','PORDENONE'),(210,320,'368','1 GA','2011-06-05','STELLATO','PORDENONE'),(211,321,'505','3 GA','2011-06-05','STELLATO','PORDENONE'),(212,322,'504','3 GA','2011-06-05','STELLATO','PORDENONE'),(213,211,'524','2 GA','2011-06-05','STELLATO','PORDENONE'),(214,212,'523','2 GA','2011-06-05','STELLATO','PORDENONE'),(216,218,'525','2 GA','2011-06-05','STELLATO','PORDENONE'),(217,269,'522','5 GA','2011-06-05','STELLATO','PORDENONE'),(218,51,'591','2 GA','0201-06-18','CRISCI','CANCELLO SCALA'),(219,52,'592','2 GA','0201-06-18','CRISCI','CANCELLO SCALA'),(220,94,'596','2 GA','0201-06-18','CRISCI','CANCELLO SCALA'),(221,95,'600','2 GA','0201-06-18','CRISCI','CANCELLO SCALA'),(222,60,'599','5 GA','0201-06-18','CRISCI','CANCELLO SCALA'),(223,359,'597','7 GA','2011-06-18','CRISCI','CANCELLO SCALO'),(224,360,'598','7 GA','2011-06-18','CRISCI','CANCELLO SCALO'),(225,361,'601','1 GA','2011-06-18','CRISCI','CANCELLO SCALO'),(226,79,'528','3 GA','2011-06-18','CRISCI','CANCELLO SCALO'),(227,85,'469','9 GA','2011-06-18','CRISCI','CANCELLO SCALO'),(228,81,'530','2 GA','2011-06-18','CRISCI','CANCELLO SCALO'),(229,89,'581','6 GA','2011-06-18','CRISCI','CANCELLO SCALO'),(231,87,'583','9 GA','2011-06-18','CRISCI','CANCELLO SCALO'),(232,53,'586','2 GA','2011-06-18','CRISCI','CANCELLO SCALO'),(233,56,'587','2 GA','2011-06-18','CRISCI','CANCELLO SCALO'),(235,54,'590','2 GA','2011-06-18','CRISCI','CANCELLO SCALO'),(236,367,'613','9 GA','2011-06-18','CRISCI','CANCELLO SCALO'),(237,68,'615','4 GA','2011-06-18','CRISCI','CANCELLO SCALO'),(238,119,'614','7 GA','2011-06-18','CRISCI','CANCELLO SCALO'),(239,71,'616','3 GA','2011-06-18','CRISCI','CANCELLO SCALO'),(240,362,'606','1 GA','2011-06-18','CRISCI','CANCELLO SCALO'),(241,363,'607','1 GA','2011-06-18','CRISCI','CANCELLO SCALO'),(242,364,'608','2 GA','2011-06-18','CRISCI','CANCELLO SCALO'),(243,365,'609','3 GA','2011-06-18','CRISCI','CANCELLO SCALO'),(244,366,'611','7 GA','2011-06-18','CRISCI','CANCELLO SCALO'),(245,368,'603','1 GA','2011-06-18','CRISCI','CANCELLO SCALO'),(249,391,'507','5 GA','2011-06-05','STELLATO','PORDENONE'),(251,336,'506','4 GA','2011-06-05','STELLATO','PORDENONE'),(253,372,'508','4 GA','2011-06-05','STELLATO','PORDENONE'),(254,373,'511','4 GA','2011-06-05','STELLATO','PORDENONE'),(255,374,'517','4 GA','2011-06-05','STELLATO','PORDENONE'),(256,375,'514','4 GA','2011-06-05','STELLATO','PORDENONE'),(257,206,'512','4 GA','2011-06-05','STELLATO','PORDENONE'),(258,377,'509','4 GA','2011-06-05','STELLATO','PORDENONE'),(259,378,'520','4 GA','2011-06-05','STELLATO','PORDENONE'),(260,379,'516','4 GA','2011-06-05','STELLATO','PORDENONE'),(261,380,'515','4 GA','2011-06-05','STELLATO','PORDENONE'),(262,381,'510','4 GA','2011-06-05','STELLATO','PORDENONE'),(263,208,'518','9 GA','2011-06-05','STELLATO','PORDENONE'),(264,383,'519','9 GA','2011-06-05','STELLATO','PORDENONE'),(265,209,'526','6 GA','2011-06-05','STELLATO','PORDENONE'),(266,217,'521','4 GA','2011-06-05','STELLATO','PORDENONE'),(267,215,'527','2 GA','2011-06-05','STELLATO','PORDENONE'),(268,216,'513','2 GA','2011-06-05','STELLATO','PORDENONE'),(270,218,'71','1 GA','2011-01-27','DAVIDE COSTA','VITTORIO VENETO'),(271,208,'72','8 GA','2011-01-27','DAVIDE COSTA','VITTORIO VENETO'),(272,383,'73','8 GA','2011-01-27','DAVIDE COSTA','VITTORIO VENETO'),(273,217,'74','3 GA','2011-01-27','DAVIDE COSTA','VITTORIO VENETO'),(274,372,'75','3 GA','2011-01-27','DAVIDE COSTA','VITTORIO VENETO'),(275,374,'76','3 GA','2011-01-27','DAVIDE COSTA','VITTORIO VENETO'),(276,389,'77','3 GA','2011-01-27','DAVIDE COSTA','VITTORIO VENETO'),(277,380,'78','3 GA','2011-01-27','DAVIDE COSTA','VITTORIO VENETO'),(278,379,'79','3 GA','2011-01-27','DAVIDE COSTA','VITTORIO VENETO'),(279,375,'80','3 GA','2011-01-27','DAVIDE COSTA','VITTORIO VENETO'),(280,211,'81','1 GA','2011-01-27','DAVIDE COSTA','VITTORIO VENETO'),(281,210,'82','1 GA','2011-01-27','DAVIDE COSTA','VITTORIO VENETO'),(282,210,'83','2 GA','2011-01-27','DAVIDE COSTA','VITTORIO VENETO'),(283,212,'84','1 GA','2011-01-27','DAVIDE COSTA','VITTORIO VENETO'),(284,213,'85','1 GA','2011-01-27','DAVIDE COSTA','VITTORIO VENETO'),(285,214,'86','1 GA','2011-01-27','DAVIDE COSTA','VITTORIO VENETO'),(286,215,'87','1 GA','2011-01-27','DAVIDE COSTA','VITTORIO VENETO'),(287,216,'88','1 GA','2011-01-27','DAVIDE COSTA','VITTORIO VENETO'),(288,390,'89','1 GA','2011-01-27','DAVIDE COSTA','VITTORIO VENETO'),(289,327,'767','1 GA','2011-03-18','VALERIO SCATA\'','RAGUSA'),(290,401,'770','2 GA','2011-03-18','VALERIO SCATA\'','RAGUSA'),(291,399,'665','6 GA','2011-03-18','VALERIO SCATA\'','RAGUSA'),(292,397,'667','4 GA','2011-03-18','VALERIO SCATA\'','RAGUSA'),(293,333,'769','1 GA','2011-03-18','VALERIO SCATA\'','RAGUSA'),(294,402,'768','4 GA','2011-03-18','VALERIO SCATA\'','RAGUSA'),(295,403,'666','10 GA','2011-03-18','VALERIO SCATA\'','RAGUSA'),(296,328,'661','2 GA','2011-03-18','VALERIO SCATA\'','RAGUSA'),(297,395,'663','6 GA','2011-03-18','VALERIO SCATA\'','RAGUSA'),(298,330,'662','1 GA','2011-03-18','VALERIO SCATA\'','RAGUSA'),(299,393,'664','7 GA','2011-03-18','VALERIO SCATA\'','RAGUSA'),(300,232,'166','1 GA','2011-03-18','VALERIO SCATA\'','RAGUSA'),(301,396,'167','1 GA','2011-03-18','VALERIO SCATA\'','RAGUSA'),(302,231,'168','1 GA','2011-03-18','VALERIO SCATA\'','RAGUSA'),(303,329,'169','1 GA','2011-03-18','VALERIO SCATA\'','RAGUSA'),(304,234,'165','1 GA','2011-03-18','VALERIO SCATA\'','RAGUSA'),(305,230,'163','1 GA','2011-03-18','VALERIO SCATA\'','RAGUSA'),(306,397,'164','3 GA','2011-03-18','VALERIO SCATA\'','RAGUSA'),(307,398,'161','3 GA','2011-03-18','VALERIO SCATA\'','RAGUSA'),(308,399,'162','5 GA','2011-03-18','VALERIO SCATA\'','RAGUSA'),(309,392,'438','9 GA','2011-05-15','DAMANTE','RAGUSA'),(310,331,'432','1 GA','2011-05-15','DAMANTE','RAGUSA'),(311,393,'439','6 GA','2011-05-15','DAMANTE','RAGUSA'),(312,394,'437','2 GA','2011-05-15','DAMANTE','RAGUSA'),(313,232,'436','2 GA','2011-05-15','DAMANTE','RAGUSA'),(314,328,'435','1 GA','2011-05-15','DAMANTE','RAGUSA'),(315,231,'434','2 GA','2011-05-15','DAMANTE','RAGUSA'),(316,395,'431','5 GA','2011-05-15','DAMANTE','RAGUSA'),(317,396,'433','2 GA','2011-05-15','DAMANTE','RAGUSA'),(318,230,'440','2 GA','2011-05-15','DAMANTE','RAGUSA'),(319,405,'191','1 GA','2011-05-08','DAMANTE','LICATA'),(320,406,'192','1 GA','2011-05-08','DAMANTE','LICATA'),(321,194,'193','2 GA','2011-05-08','DAMANTE','LICATA'),(322,407,'194','1 GA','2011-05-08','DAMANTE','LICATA'),(323,408,'195','1 GA','2011-05-08','DAMANTE','LICATA'),(324,193,'196','2 GA','2011-05-08','DAMANTE','LICATA'),(325,203,'199','2 GA','2011-05-08','DAMANTE','LICATA'),(326,409,'200','6 GA','2011-05-08','DAMANTE','LICATA'),(327,410,'400','6 GA','2011-05-08','DAMANTE','LICATA'),(328,411,'401','6 GA','2011-05-08','DAMANTE','LICATA'),(329,412,'402','6 GA','2011-05-08','DAMANTE','LICATA'),(330,204,'403','6 GA','2011-05-08','DAMANTE','LICATA'),(331,195,'404','2 GA','2011-05-08','DAMANTE','LICATA'),(332,198,'405','2 GA','2011-05-08','DAMANTE','LICATA'),(333,259,'197','1 GA','2011-05-08','DAMANTE','LICATA'),(334,258,'406','1 GA','2011-05-08','DAMANTE','LICATA'),(335,183,'671','5 GA','2011-06-26','STELLATO','SIRACUSA'),(336,123,'672','2 GA','2011-06-26','STELLATO','SIRACUSA'),(337,133,'673','2 GA','2011-06-26','STELLATO','SIRACUSA'),(338,131,'674','5 GA','2011-06-26','STELLATO','SIRACUSA'),(339,168,'675','3 GA','2011-06-26','STELLATO','SIRACUSA'),(340,124,'676','2 GA','2011-06-26','STELLATO','SIRACUSA'),(341,177,'677','7 GA','2011-06-26','STELLATO','SIRACUSA'),(342,187,'678','6 GA','2011-06-26','STELLATO','SIRACUSA'),(343,188,'679','8 GA','2011-06-26','STELLATO','SIRACUSA'),(344,437,'680','9 GA','2011-06-26','STELLATO','SIRACUSA'),(345,370,'684','1 GA','2011-06-26','STELLATO','SIRACUSA'),(346,162,'691','2 GA','2011-06-26','STELLATO','SIRACUSA'),(347,191,'692','3 GA','2011-06-26','STELLATO','SIRACUSA'),(348,157,'693','3 GA','2011-06-26','STELLATO','SIRACUSA'),(349,433,'694','1 GA','2011-06-26','STELLATO','SIRACUSA'),(350,160,'695','2 GA','2011-06-26','STELLATO','SIRACUSA'),(351,192,'696','2 GA','2011-06-26','STELLATO','SIRACUSA'),(352,197,'697','2 GA','2011-06-26','STELLATO','SIRACUSA'),(353,174,'698','4 GA','2011-06-26','STELLATO','SIRACUSA'),(354,173,'699','3 GA','2011-06-26','STELLATO','SIRACUSA'),(355,432,'700','7 GA','2011-06-26','STELLATO','SIRACUSA'),(357,171,'701','3 GA','2011-06-26','STELLATO','SIRACUSA'),(358,181,'702','3 GA','2011-06-26','STELLATO','SIRACUSA'),(359,182,'703','3 GA','2011-06-26','STELLATO','SIRACUSA'),(360,176,'704','7 GA','2011-06-26','STELLATO','SIRACUSA'),(361,170,'705','7 GA','2011-06-26','STELLATO','SIRACUSA'),(362,199,'706','3 GA','2011-06-26','STELLATO','SIRACUSA');
/*!40000 ALTER TABLE `wt_esame` ENABLE KEYS */;
UNLOCK TABLES;

--
-- Dumping routines for database 'mydb'
--
/*!40103 SET TIME_ZONE=@OLD_TIME_ZONE */;

/*!40101 SET SQL_MODE=@OLD_SQL_MODE */;
/*!40014 SET FOREIGN_KEY_CHECKS=@OLD_FOREIGN_KEY_CHECKS */;
/*!40014 SET UNIQUE_CHECKS=@OLD_UNIQUE_CHECKS */;
/*!40101 SET CHARACTER_SET_CLIENT=@OLD_CHARACTER_SET_CLIENT */;
/*!40101 SET CHARACTER_SET_RESULTS=@OLD_CHARACTER_SET_RESULTS */;
/*!40101 SET COLLATION_CONNECTION=@OLD_COLLATION_CONNECTION */;
/*!40111 SET SQL_NOTES=@OLD_SQL_NOTES */;

-- Dump completed on 2014-12-23 11:36:35
